ISO-10303-21;
HEADER;
/* Generated by software containing ST-Developer
 * from STEP Tools, Inc. (www.steptools.com) 
 */
/* OPTION: using custom renumber hook */

FILE_DESCRIPTION(
/* description */ ('STEP AP214'),
/* implementation_level */ '2;1');

FILE_NAME(
/* name */ 'AS11CP',
/* time_stamp */ '2026-08-19T20:59:19+02:00',
/* author */ ('License CC BY-ND 4.0'),
/* organization */ ('CADENAS'),
/* preprocessor_version */ 'ST-DEVELOPER v20',
/* originating_system */ 'PARTsolutions',
/* authorisation */ '  ');

FILE_SCHEMA (('AUTOMOTIVE_DESIGN {1 0 10303 214 3 1 1}'));
ENDSEC;

DATA;
#10=PROPERTY_DEFINITION_REPRESENTATION(#14,#12);
#11=PROPERTY_DEFINITION_REPRESENTATION(#15,#13);
#12=REPRESENTATION('',(#16),#3036);
#13=REPRESENTATION('',(#17),#3036);
#14=PROPERTY_DEFINITION('pmi validation property','',#3052);
#15=PROPERTY_DEFINITION('pmi validation property','',#3052);
#16=VALUE_REPRESENTATION_ITEM('number of annotations',COUNT_MEASURE(0.));
#17=VALUE_REPRESENTATION_ITEM('number of views',COUNT_MEASURE(0.));
#18=CYLINDRICAL_SURFACE('',#2036,0.012);
#19=CYLINDRICAL_SURFACE('',#2039,0.012);
#20=CIRCLE('',#2033,0.012);
#21=CIRCLE('',#2034,0.012);
#22=CIRCLE('',#2037,0.012);
#23=CIRCLE('',#2040,0.012);
#24=DRAUGHTING_PRE_DEFINED_COLOUR('black');
#25=CONTEXT_DEPENDENT_SHAPE_REPRESENTATION(#33,#3054);
#26=CONTEXT_DEPENDENT_SHAPE_REPRESENTATION(#34,#3056);
#27=CONTEXT_DEPENDENT_SHAPE_REPRESENTATION(#35,#3058);
#28=CONTEXT_DEPENDENT_SHAPE_REPRESENTATION(#36,#3060);
#29=NEXT_ASSEMBLY_USAGE_OCCURRENCE('NAUO1','AS11CPbody12',
'AS11CPbody12',#3061,#3062,'');
#30=NEXT_ASSEMBLY_USAGE_OCCURRENCE('NAUO2','AS11CPbody1','AS11CPbody1',
#3061,#3063,'');
#31=NEXT_ASSEMBLY_USAGE_OCCURRENCE('NAUO3','AS11CPclong','AS11CPclong',
#3061,#3064,'');
#32=NEXT_ASSEMBLY_USAGE_OCCURRENCE('NAUO4','AS11CPp','AS11CPp',#3061,#3065,
'');
#33=(
REPRESENTATION_RELATIONSHIP(' ',' ',#1931,#1930)
REPRESENTATION_RELATIONSHIP_WITH_TRANSFORMATION(#37)
SHAPE_REPRESENTATION_RELATIONSHIP()
);
#34=(
REPRESENTATION_RELATIONSHIP(' ',' ',#1932,#1930)
REPRESENTATION_RELATIONSHIP_WITH_TRANSFORMATION(#38)
SHAPE_REPRESENTATION_RELATIONSHIP()
);
#35=(
REPRESENTATION_RELATIONSHIP(' ',' ',#1933,#1930)
REPRESENTATION_RELATIONSHIP_WITH_TRANSFORMATION(#39)
SHAPE_REPRESENTATION_RELATIONSHIP()
);
#36=(
REPRESENTATION_RELATIONSHIP(' ',' ',#1934,#1930)
REPRESENTATION_RELATIONSHIP_WITH_TRANSFORMATION(#40)
SHAPE_REPRESENTATION_RELATIONSHIP()
);
#37=ITEM_DEFINED_TRANSFORMATION(' ',' ',#1935,#1979);
#38=ITEM_DEFINED_TRANSFORMATION(' ',' ',#1935,#2009);
#39=ITEM_DEFINED_TRANSFORMATION(' ',' ',#1935,#2027);
#40=ITEM_DEFINED_TRANSFORMATION(' ',' ',#1935,#2042);
#41=SHAPE_REPRESENTATION_RELATIONSHIP('','',#1931,#45);
#42=SHAPE_REPRESENTATION_RELATIONSHIP('','',#1932,#46);
#43=SHAPE_REPRESENTATION_RELATIONSHIP('','',#1933,#47);
#44=SHAPE_REPRESENTATION_RELATIONSHIP('','',#1934,#48);
#45=ADVANCED_BREP_SHAPE_REPRESENTATION('',(#1921),#3037);
#46=ADVANCED_BREP_SHAPE_REPRESENTATION('',(#1922),#3038);
#47=ADVANCED_BREP_SHAPE_REPRESENTATION('',(#1923),#3039);
#48=ADVANCED_BREP_SHAPE_REPRESENTATION('',(#1924),#3040);
#49=ORIENTED_EDGE('',*,*,#555,.F.);
#50=ORIENTED_EDGE('',*,*,#556,.T.);
#51=ORIENTED_EDGE('',*,*,#557,.T.);
#52=ORIENTED_EDGE('',*,*,#558,.F.);
#53=ORIENTED_EDGE('',*,*,#559,.F.);
#54=ORIENTED_EDGE('',*,*,#560,.T.);
#55=ORIENTED_EDGE('',*,*,#561,.T.);
#56=ORIENTED_EDGE('',*,*,#562,.F.);
#57=ORIENTED_EDGE('',*,*,#563,.F.);
#58=ORIENTED_EDGE('',*,*,#564,.F.);
#59=ORIENTED_EDGE('',*,*,#565,.T.);
#60=ORIENTED_EDGE('',*,*,#566,.T.);
#61=ORIENTED_EDGE('',*,*,#555,.T.);
#62=ORIENTED_EDGE('',*,*,#567,.F.);
#63=ORIENTED_EDGE('',*,*,#568,.F.);
#64=ORIENTED_EDGE('',*,*,#569,.F.);
#65=ORIENTED_EDGE('',*,*,#570,.T.);
#66=ORIENTED_EDGE('',*,*,#571,.T.);
#67=ORIENTED_EDGE('',*,*,#572,.F.);
#68=ORIENTED_EDGE('',*,*,#573,.T.);
#69=ORIENTED_EDGE('',*,*,#574,.T.);
#70=ORIENTED_EDGE('',*,*,#575,.T.);
#71=ORIENTED_EDGE('',*,*,#562,.T.);
#72=ORIENTED_EDGE('',*,*,#576,.F.);
#73=ORIENTED_EDGE('',*,*,#577,.F.);
#74=ORIENTED_EDGE('',*,*,#578,.F.);
#75=ORIENTED_EDGE('',*,*,#579,.T.);
#76=ORIENTED_EDGE('',*,*,#580,.F.);
#77=ORIENTED_EDGE('',*,*,#581,.F.);
#78=ORIENTED_EDGE('',*,*,#582,.F.);
#79=ORIENTED_EDGE('',*,*,#583,.T.);
#80=ORIENTED_EDGE('',*,*,#584,.T.);
#81=ORIENTED_EDGE('',*,*,#585,.F.);
#82=ORIENTED_EDGE('',*,*,#586,.T.);
#83=ORIENTED_EDGE('',*,*,#587,.F.);
#84=ORIENTED_EDGE('',*,*,#588,.T.);
#85=ORIENTED_EDGE('',*,*,#589,.T.);
#86=ORIENTED_EDGE('',*,*,#573,.F.);
#87=ORIENTED_EDGE('',*,*,#590,.F.);
#88=ORIENTED_EDGE('',*,*,#567,.T.);
#89=ORIENTED_EDGE('',*,*,#559,.T.);
#90=ORIENTED_EDGE('',*,*,#591,.F.);
#91=ORIENTED_EDGE('',*,*,#592,.F.);
#92=ORIENTED_EDGE('',*,*,#593,.T.);
#93=ORIENTED_EDGE('',*,*,#563,.T.);
#94=ORIENTED_EDGE('',*,*,#586,.F.);
#95=ORIENTED_EDGE('',*,*,#594,.F.);
#96=ORIENTED_EDGE('',*,*,#580,.T.);
#97=ORIENTED_EDGE('',*,*,#595,.T.);
#98=ORIENTED_EDGE('',*,*,#596,.F.);
#99=ORIENTED_EDGE('',*,*,#597,.T.);
#100=ORIENTED_EDGE('',*,*,#598,.F.);
#101=ORIENTED_EDGE('',*,*,#599,.F.);
#102=ORIENTED_EDGE('',*,*,#600,.F.);
#103=ORIENTED_EDGE('',*,*,#601,.T.);
#104=ORIENTED_EDGE('',*,*,#602,.F.);
#105=ORIENTED_EDGE('',*,*,#603,.F.);
#106=ORIENTED_EDGE('',*,*,#604,.F.);
#107=ORIENTED_EDGE('',*,*,#605,.F.);
#108=ORIENTED_EDGE('',*,*,#606,.F.);
#109=ORIENTED_EDGE('',*,*,#607,.F.);
#110=ORIENTED_EDGE('',*,*,#591,.T.);
#111=ORIENTED_EDGE('',*,*,#558,.T.);
#112=ORIENTED_EDGE('',*,*,#608,.F.);
#113=ORIENTED_EDGE('',*,*,#599,.T.);
#114=ORIENTED_EDGE('',*,*,#609,.T.);
#115=ORIENTED_EDGE('',*,*,#564,.T.);
#116=ORIENTED_EDGE('',*,*,#593,.F.);
#117=ORIENTED_EDGE('',*,*,#610,.F.);
#118=ORIENTED_EDGE('',*,*,#611,.T.);
#119=ORIENTED_EDGE('',*,*,#612,.F.);
#120=ORIENTED_EDGE('',*,*,#613,.T.);
#121=ORIENTED_EDGE('',*,*,#614,.T.);
#122=ORIENTED_EDGE('',*,*,#615,.F.);
#123=ORIENTED_EDGE('',*,*,#616,.F.);
#124=ORIENTED_EDGE('',*,*,#617,.T.);
#125=ORIENTED_EDGE('',*,*,#618,.F.);
#126=ORIENTED_EDGE('',*,*,#619,.F.);
#127=ORIENTED_EDGE('',*,*,#620,.F.);
#128=ORIENTED_EDGE('',*,*,#596,.T.);
#129=ORIENTED_EDGE('',*,*,#621,.T.);
#130=ORIENTED_EDGE('',*,*,#622,.F.);
#131=ORIENTED_EDGE('',*,*,#603,.T.);
#132=ORIENTED_EDGE('',*,*,#623,.T.);
#133=ORIENTED_EDGE('',*,*,#624,.T.);
#134=ORIENTED_EDGE('',*,*,#588,.F.);
#135=ORIENTED_EDGE('',*,*,#625,.T.);
#136=ORIENTED_EDGE('',*,*,#626,.F.);
#137=ORIENTED_EDGE('',*,*,#574,.F.);
#138=ORIENTED_EDGE('',*,*,#589,.F.);
#139=ORIENTED_EDGE('',*,*,#624,.F.);
#140=ORIENTED_EDGE('',*,*,#579,.F.);
#141=ORIENTED_EDGE('',*,*,#627,.F.);
#142=ORIENTED_EDGE('',*,*,#628,.T.);
#143=ORIENTED_EDGE('',*,*,#621,.F.);
#144=ORIENTED_EDGE('',*,*,#595,.F.);
#145=ORIENTED_EDGE('',*,*,#629,.F.);
#146=ORIENTED_EDGE('',*,*,#605,.T.);
#147=ORIENTED_EDGE('',*,*,#630,.F.);
#148=ORIENTED_EDGE('',*,*,#618,.T.);
#149=ORIENTED_EDGE('',*,*,#631,.F.);
#150=ORIENTED_EDGE('',*,*,#632,.F.);
#151=ORIENTED_EDGE('',*,*,#633,.F.);
#152=ORIENTED_EDGE('',*,*,#625,.F.);
#153=ORIENTED_EDGE('',*,*,#623,.F.);
#154=ORIENTED_EDGE('',*,*,#602,.T.);
#155=ORIENTED_EDGE('',*,*,#634,.F.);
#156=ORIENTED_EDGE('',*,*,#635,.T.);
#157=ORIENTED_EDGE('',*,*,#636,.T.);
#158=ORIENTED_EDGE('',*,*,#600,.T.);
#159=ORIENTED_EDGE('',*,*,#608,.T.);
#160=ORIENTED_EDGE('',*,*,#557,.F.);
#161=ORIENTED_EDGE('',*,*,#637,.F.);
#162=ORIENTED_EDGE('',*,*,#560,.F.);
#163=ORIENTED_EDGE('',*,*,#609,.F.);
#164=ORIENTED_EDGE('',*,*,#598,.T.);
#165=ORIENTED_EDGE('',*,*,#638,.F.);
#166=ORIENTED_EDGE('',*,*,#639,.T.);
#167=ORIENTED_EDGE('',*,*,#640,.T.);
#168=ORIENTED_EDGE('',*,*,#604,.T.);
#169=ORIENTED_EDGE('',*,*,#622,.T.);
#170=ORIENTED_EDGE('',*,*,#628,.F.);
#171=ORIENTED_EDGE('',*,*,#641,.F.);
#172=ORIENTED_EDGE('',*,*,#642,.F.);
#173=ORIENTED_EDGE('',*,*,#597,.F.);
#174=ORIENTED_EDGE('',*,*,#636,.F.);
#175=ORIENTED_EDGE('',*,*,#643,.T.);
#176=ORIENTED_EDGE('',*,*,#638,.T.);
#177=ORIENTED_EDGE('',*,*,#601,.F.);
#178=ORIENTED_EDGE('',*,*,#640,.F.);
#179=ORIENTED_EDGE('',*,*,#644,.T.);
#180=ORIENTED_EDGE('',*,*,#634,.T.);
#181=ORIENTED_EDGE('',*,*,#635,.F.);
#182=ORIENTED_EDGE('',*,*,#644,.F.);
#183=ORIENTED_EDGE('',*,*,#639,.F.);
#184=ORIENTED_EDGE('',*,*,#643,.F.);
#185=ORIENTED_EDGE('',*,*,#592,.T.);
#186=ORIENTED_EDGE('',*,*,#585,.T.);
#187=ORIENTED_EDGE('',*,*,#645,.T.);
#188=ORIENTED_EDGE('',*,*,#646,.T.);
#189=ORIENTED_EDGE('',*,*,#647,.T.);
#190=ORIENTED_EDGE('',*,*,#581,.T.);
#191=ORIENTED_EDGE('',*,*,#594,.T.);
#192=ORIENTED_EDGE('',*,*,#620,.T.);
#193=ORIENTED_EDGE('',*,*,#648,.T.);
#194=ORIENTED_EDGE('',*,*,#610,.T.);
#195=ORIENTED_EDGE('',*,*,#630,.T.);
#196=ORIENTED_EDGE('',*,*,#611,.F.);
#197=ORIENTED_EDGE('',*,*,#648,.F.);
#198=ORIENTED_EDGE('',*,*,#619,.T.);
#199=ORIENTED_EDGE('',*,*,#587,.T.);
#200=ORIENTED_EDGE('',*,*,#572,.T.);
#201=ORIENTED_EDGE('',*,*,#649,.T.);
#202=ORIENTED_EDGE('',*,*,#650,.T.);
#203=ORIENTED_EDGE('',*,*,#651,.T.);
#204=ORIENTED_EDGE('',*,*,#568,.T.);
#205=ORIENTED_EDGE('',*,*,#590,.T.);
#206=ORIENTED_EDGE('',*,*,#607,.T.);
#207=ORIENTED_EDGE('',*,*,#652,.T.);
#208=ORIENTED_EDGE('',*,*,#616,.T.);
#209=ORIENTED_EDGE('',*,*,#629,.T.);
#210=ORIENTED_EDGE('',*,*,#617,.F.);
#211=ORIENTED_EDGE('',*,*,#652,.F.);
#212=ORIENTED_EDGE('',*,*,#606,.T.);
#213=ORIENTED_EDGE('',*,*,#645,.F.);
#214=ORIENTED_EDGE('',*,*,#584,.F.);
#215=ORIENTED_EDGE('',*,*,#653,.T.);
#216=ORIENTED_EDGE('',*,*,#654,.T.);
#217=ORIENTED_EDGE('',*,*,#646,.F.);
#218=ORIENTED_EDGE('',*,*,#654,.F.);
#219=ORIENTED_EDGE('',*,*,#655,.T.);
#220=ORIENTED_EDGE('',*,*,#656,.T.);
#221=ORIENTED_EDGE('',*,*,#647,.F.);
#222=ORIENTED_EDGE('',*,*,#656,.F.);
#223=ORIENTED_EDGE('',*,*,#657,.T.);
#224=ORIENTED_EDGE('',*,*,#582,.T.);
#225=ORIENTED_EDGE('',*,*,#583,.F.);
#226=ORIENTED_EDGE('',*,*,#657,.F.);
#227=ORIENTED_EDGE('',*,*,#655,.F.);
#228=ORIENTED_EDGE('',*,*,#653,.F.);
#229=ORIENTED_EDGE('',*,*,#651,.F.);
#230=ORIENTED_EDGE('',*,*,#658,.F.);
#231=ORIENTED_EDGE('',*,*,#659,.T.);
#232=ORIENTED_EDGE('',*,*,#569,.T.);
#233=ORIENTED_EDGE('',*,*,#649,.F.);
#234=ORIENTED_EDGE('',*,*,#571,.F.);
#235=ORIENTED_EDGE('',*,*,#660,.T.);
#236=ORIENTED_EDGE('',*,*,#661,.T.);
#237=ORIENTED_EDGE('',*,*,#650,.F.);
#238=ORIENTED_EDGE('',*,*,#661,.F.);
#239=ORIENTED_EDGE('',*,*,#662,.T.);
#240=ORIENTED_EDGE('',*,*,#658,.T.);
#241=ORIENTED_EDGE('',*,*,#659,.F.);
#242=ORIENTED_EDGE('',*,*,#662,.F.);
#243=ORIENTED_EDGE('',*,*,#660,.F.);
#244=ORIENTED_EDGE('',*,*,#570,.F.);
#245=ORIENTED_EDGE('',*,*,#663,.F.);
#246=ORIENTED_EDGE('',*,*,#614,.F.);
#247=ORIENTED_EDGE('',*,*,#664,.T.);
#248=ORIENTED_EDGE('',*,*,#665,.T.);
#249=ORIENTED_EDGE('',*,*,#666,.F.);
#250=ORIENTED_EDGE('',*,*,#665,.F.);
#251=ORIENTED_EDGE('',*,*,#667,.T.);
#252=ORIENTED_EDGE('',*,*,#668,.T.);
#253=ORIENTED_EDGE('',*,*,#669,.F.);
#254=ORIENTED_EDGE('',*,*,#668,.F.);
#255=ORIENTED_EDGE('',*,*,#670,.T.);
#256=ORIENTED_EDGE('',*,*,#612,.T.);
#257=ORIENTED_EDGE('',*,*,#613,.F.);
#258=ORIENTED_EDGE('',*,*,#670,.F.);
#259=ORIENTED_EDGE('',*,*,#667,.F.);
#260=ORIENTED_EDGE('',*,*,#664,.F.);
#261=ORIENTED_EDGE('',*,*,#615,.T.);
#262=ORIENTED_EDGE('',*,*,#663,.T.);
#263=ORIENTED_EDGE('',*,*,#666,.T.);
#264=ORIENTED_EDGE('',*,*,#669,.T.);
#265=ORIENTED_EDGE('',*,*,#642,.T.);
#266=ORIENTED_EDGE('',*,*,#671,.T.);
#267=ORIENTED_EDGE('',*,*,#577,.T.);
#268=ORIENTED_EDGE('',*,*,#672,.F.);
#269=ORIENTED_EDGE('',*,*,#641,.T.);
#270=ORIENTED_EDGE('',*,*,#627,.T.);
#271=ORIENTED_EDGE('',*,*,#578,.T.);
#272=ORIENTED_EDGE('',*,*,#671,.F.);
#273=ORIENTED_EDGE('',*,*,#637,.T.);
#274=ORIENTED_EDGE('',*,*,#672,.T.);
#275=ORIENTED_EDGE('',*,*,#576,.T.);
#276=ORIENTED_EDGE('',*,*,#561,.F.);
#277=ORIENTED_EDGE('',*,*,#631,.T.);
#278=ORIENTED_EDGE('',*,*,#556,.F.);
#279=ORIENTED_EDGE('',*,*,#566,.F.);
#280=ORIENTED_EDGE('',*,*,#673,.T.);
#281=ORIENTED_EDGE('',*,*,#633,.T.);
#282=ORIENTED_EDGE('',*,*,#674,.F.);
#283=ORIENTED_EDGE('',*,*,#575,.F.);
#284=ORIENTED_EDGE('',*,*,#626,.T.);
#285=ORIENTED_EDGE('',*,*,#632,.T.);
#286=ORIENTED_EDGE('',*,*,#673,.F.);
#287=ORIENTED_EDGE('',*,*,#565,.F.);
#288=ORIENTED_EDGE('',*,*,#674,.T.);
#289=ORIENTED_EDGE('',*,*,#675,.T.);
#290=ORIENTED_EDGE('',*,*,#676,.F.);
#291=ORIENTED_EDGE('',*,*,#677,.F.);
#292=ORIENTED_EDGE('',*,*,#678,.T.);
#293=ORIENTED_EDGE('',*,*,#679,.T.);
#294=ORIENTED_EDGE('',*,*,#680,.T.);
#295=ORIENTED_EDGE('',*,*,#681,.T.);
#296=ORIENTED_EDGE('',*,*,#682,.T.);
#297=ORIENTED_EDGE('',*,*,#683,.F.);
#298=ORIENTED_EDGE('',*,*,#684,.T.);
#299=ORIENTED_EDGE('',*,*,#685,.T.);
#300=ORIENTED_EDGE('',*,*,#686,.T.);
#301=ORIENTED_EDGE('',*,*,#687,.F.);
#302=ORIENTED_EDGE('',*,*,#688,.F.);
#303=ORIENTED_EDGE('',*,*,#689,.T.);
#304=ORIENTED_EDGE('',*,*,#690,.T.);
#305=ORIENTED_EDGE('',*,*,#691,.T.);
#306=ORIENTED_EDGE('',*,*,#692,.T.);
#307=ORIENTED_EDGE('',*,*,#693,.F.);
#308=ORIENTED_EDGE('',*,*,#694,.F.);
#309=ORIENTED_EDGE('',*,*,#695,.T.);
#310=ORIENTED_EDGE('',*,*,#696,.T.);
#311=ORIENTED_EDGE('',*,*,#697,.F.);
#312=ORIENTED_EDGE('',*,*,#698,.T.);
#313=ORIENTED_EDGE('',*,*,#699,.T.);
#314=ORIENTED_EDGE('',*,*,#690,.F.);
#315=ORIENTED_EDGE('',*,*,#700,.F.);
#316=ORIENTED_EDGE('',*,*,#675,.F.);
#317=ORIENTED_EDGE('',*,*,#701,.F.);
#318=ORIENTED_EDGE('',*,*,#692,.F.);
#319=ORIENTED_EDGE('',*,*,#702,.T.);
#320=ORIENTED_EDGE('',*,*,#696,.F.);
#321=ORIENTED_EDGE('',*,*,#703,.F.);
#322=ORIENTED_EDGE('',*,*,#704,.F.);
#323=ORIENTED_EDGE('',*,*,#705,.F.);
#324=ORIENTED_EDGE('',*,*,#686,.F.);
#325=ORIENTED_EDGE('',*,*,#705,.T.);
#326=ORIENTED_EDGE('',*,*,#706,.F.);
#327=ORIENTED_EDGE('',*,*,#707,.F.);
#328=ORIENTED_EDGE('',*,*,#687,.T.);
#329=ORIENTED_EDGE('',*,*,#708,.F.);
#330=ORIENTED_EDGE('',*,*,#709,.F.);
#331=ORIENTED_EDGE('',*,*,#710,.F.);
#332=ORIENTED_EDGE('',*,*,#711,.F.);
#333=ORIENTED_EDGE('',*,*,#704,.T.);
#334=ORIENTED_EDGE('',*,*,#712,.F.);
#335=ORIENTED_EDGE('',*,*,#713,.F.);
#336=ORIENTED_EDGE('',*,*,#706,.T.);
#337=ORIENTED_EDGE('',*,*,#703,.T.);
#338=ORIENTED_EDGE('',*,*,#695,.F.);
#339=ORIENTED_EDGE('',*,*,#714,.F.);
#340=ORIENTED_EDGE('',*,*,#712,.T.);
#341=ORIENTED_EDGE('',*,*,#701,.T.);
#342=ORIENTED_EDGE('',*,*,#678,.F.);
#343=ORIENTED_EDGE('',*,*,#715,.F.);
#344=ORIENTED_EDGE('',*,*,#693,.T.);
#345=ORIENTED_EDGE('',*,*,#700,.T.);
#346=ORIENTED_EDGE('',*,*,#689,.F.);
#347=ORIENTED_EDGE('',*,*,#716,.F.);
#348=ORIENTED_EDGE('',*,*,#676,.T.);
#349=ORIENTED_EDGE('',*,*,#717,.F.);
#350=ORIENTED_EDGE('',*,*,#718,.F.);
#351=ORIENTED_EDGE('',*,*,#719,.F.);
#352=ORIENTED_EDGE('',*,*,#720,.F.);
#353=ORIENTED_EDGE('',*,*,#688,.T.);
#354=ORIENTED_EDGE('',*,*,#707,.T.);
#355=ORIENTED_EDGE('',*,*,#713,.T.);
#356=ORIENTED_EDGE('',*,*,#714,.T.);
#357=ORIENTED_EDGE('',*,*,#694,.T.);
#358=ORIENTED_EDGE('',*,*,#715,.T.);
#359=ORIENTED_EDGE('',*,*,#677,.T.);
#360=ORIENTED_EDGE('',*,*,#716,.T.);
#361=ORIENTED_EDGE('',*,*,#699,.F.);
#362=ORIENTED_EDGE('',*,*,#691,.F.);
#363=ORIENTED_EDGE('',*,*,#721,.T.);
#364=ORIENTED_EDGE('',*,*,#683,.T.);
#365=ORIENTED_EDGE('',*,*,#702,.F.);
#366=ORIENTED_EDGE('',*,*,#685,.F.);
#367=ORIENTED_EDGE('',*,*,#722,.T.);
#368=ORIENTED_EDGE('',*,*,#697,.T.);
#369=ORIENTED_EDGE('',*,*,#721,.F.);
#370=ORIENTED_EDGE('',*,*,#698,.F.);
#371=ORIENTED_EDGE('',*,*,#722,.F.);
#372=ORIENTED_EDGE('',*,*,#684,.F.);
#373=ORIENTED_EDGE('',*,*,#717,.T.);
#374=ORIENTED_EDGE('',*,*,#723,.F.);
#375=ORIENTED_EDGE('',*,*,#724,.F.);
#376=ORIENTED_EDGE('',*,*,#725,.T.);
#377=ORIENTED_EDGE('',*,*,#720,.T.);
#378=ORIENTED_EDGE('',*,*,#726,.F.);
#379=ORIENTED_EDGE('',*,*,#727,.F.);
#380=ORIENTED_EDGE('',*,*,#723,.T.);
#381=ORIENTED_EDGE('',*,*,#719,.T.);
#382=ORIENTED_EDGE('',*,*,#728,.F.);
#383=ORIENTED_EDGE('',*,*,#729,.F.);
#384=ORIENTED_EDGE('',*,*,#726,.T.);
#385=ORIENTED_EDGE('',*,*,#718,.T.);
#386=ORIENTED_EDGE('',*,*,#725,.F.);
#387=ORIENTED_EDGE('',*,*,#730,.F.);
#388=ORIENTED_EDGE('',*,*,#728,.T.);
#389=ORIENTED_EDGE('',*,*,#724,.T.);
#390=ORIENTED_EDGE('',*,*,#727,.T.);
#391=ORIENTED_EDGE('',*,*,#729,.T.);
#392=ORIENTED_EDGE('',*,*,#730,.T.);
#393=ORIENTED_EDGE('',*,*,#679,.F.);
#394=ORIENTED_EDGE('',*,*,#731,.F.);
#395=ORIENTED_EDGE('',*,*,#732,.T.);
#396=ORIENTED_EDGE('',*,*,#733,.T.);
#397=ORIENTED_EDGE('',*,*,#680,.F.);
#398=ORIENTED_EDGE('',*,*,#733,.F.);
#399=ORIENTED_EDGE('',*,*,#734,.T.);
#400=ORIENTED_EDGE('',*,*,#735,.T.);
#401=ORIENTED_EDGE('',*,*,#681,.F.);
#402=ORIENTED_EDGE('',*,*,#735,.F.);
#403=ORIENTED_EDGE('',*,*,#736,.T.);
#404=ORIENTED_EDGE('',*,*,#737,.T.);
#405=ORIENTED_EDGE('',*,*,#682,.F.);
#406=ORIENTED_EDGE('',*,*,#737,.F.);
#407=ORIENTED_EDGE('',*,*,#738,.T.);
#408=ORIENTED_EDGE('',*,*,#731,.T.);
#409=ORIENTED_EDGE('',*,*,#732,.F.);
#410=ORIENTED_EDGE('',*,*,#738,.F.);
#411=ORIENTED_EDGE('',*,*,#736,.F.);
#412=ORIENTED_EDGE('',*,*,#734,.F.);
#413=ORIENTED_EDGE('',*,*,#709,.T.);
#414=ORIENTED_EDGE('',*,*,#739,.F.);
#415=ORIENTED_EDGE('',*,*,#740,.F.);
#416=ORIENTED_EDGE('',*,*,#741,.T.);
#417=ORIENTED_EDGE('',*,*,#708,.T.);
#418=ORIENTED_EDGE('',*,*,#742,.F.);
#419=ORIENTED_EDGE('',*,*,#743,.F.);
#420=ORIENTED_EDGE('',*,*,#739,.T.);
#421=ORIENTED_EDGE('',*,*,#711,.T.);
#422=ORIENTED_EDGE('',*,*,#744,.F.);
#423=ORIENTED_EDGE('',*,*,#745,.F.);
#424=ORIENTED_EDGE('',*,*,#742,.T.);
#425=ORIENTED_EDGE('',*,*,#710,.T.);
#426=ORIENTED_EDGE('',*,*,#741,.F.);
#427=ORIENTED_EDGE('',*,*,#746,.F.);
#428=ORIENTED_EDGE('',*,*,#744,.T.);
#429=ORIENTED_EDGE('',*,*,#740,.T.);
#430=ORIENTED_EDGE('',*,*,#743,.T.);
#431=ORIENTED_EDGE('',*,*,#745,.T.);
#432=ORIENTED_EDGE('',*,*,#746,.T.);
#433=ORIENTED_EDGE('',*,*,#747,.T.);
#434=ORIENTED_EDGE('',*,*,#748,.F.);
#435=ORIENTED_EDGE('',*,*,#749,.F.);
#436=ORIENTED_EDGE('',*,*,#750,.T.);
#437=ORIENTED_EDGE('',*,*,#751,.T.);
#438=ORIENTED_EDGE('',*,*,#752,.F.);
#439=ORIENTED_EDGE('',*,*,#753,.F.);
#440=ORIENTED_EDGE('',*,*,#748,.T.);
#441=ORIENTED_EDGE('',*,*,#754,.T.);
#442=ORIENTED_EDGE('',*,*,#755,.F.);
#443=ORIENTED_EDGE('',*,*,#756,.F.);
#444=ORIENTED_EDGE('',*,*,#757,.T.);
#445=ORIENTED_EDGE('',*,*,#758,.T.);
#446=ORIENTED_EDGE('',*,*,#759,.F.);
#447=ORIENTED_EDGE('',*,*,#760,.F.);
#448=ORIENTED_EDGE('',*,*,#755,.T.);
#449=ORIENTED_EDGE('',*,*,#761,.T.);
#450=ORIENTED_EDGE('',*,*,#762,.F.);
#451=ORIENTED_EDGE('',*,*,#763,.F.);
#452=ORIENTED_EDGE('',*,*,#759,.T.);
#453=ORIENTED_EDGE('',*,*,#764,.T.);
#454=ORIENTED_EDGE('',*,*,#765,.F.);
#455=ORIENTED_EDGE('',*,*,#766,.F.);
#456=ORIENTED_EDGE('',*,*,#762,.T.);
#457=ORIENTED_EDGE('',*,*,#767,.T.);
#458=ORIENTED_EDGE('',*,*,#768,.F.);
#459=ORIENTED_EDGE('',*,*,#769,.F.);
#460=ORIENTED_EDGE('',*,*,#765,.T.);
#461=ORIENTED_EDGE('',*,*,#770,.T.);
#462=ORIENTED_EDGE('',*,*,#771,.F.);
#463=ORIENTED_EDGE('',*,*,#772,.F.);
#464=ORIENTED_EDGE('',*,*,#768,.T.);
#465=ORIENTED_EDGE('',*,*,#773,.T.);
#466=ORIENTED_EDGE('',*,*,#774,.F.);
#467=ORIENTED_EDGE('',*,*,#775,.F.);
#468=ORIENTED_EDGE('',*,*,#771,.T.);
#469=ORIENTED_EDGE('',*,*,#776,.T.);
#470=ORIENTED_EDGE('',*,*,#750,.F.);
#471=ORIENTED_EDGE('',*,*,#777,.F.);
#472=ORIENTED_EDGE('',*,*,#774,.T.);
#473=ORIENTED_EDGE('',*,*,#778,.F.);
#474=ORIENTED_EDGE('',*,*,#779,.T.);
#475=ORIENTED_EDGE('',*,*,#780,.F.);
#476=ORIENTED_EDGE('',*,*,#781,.F.);
#477=ORIENTED_EDGE('',*,*,#782,.T.);
#478=ORIENTED_EDGE('',*,*,#756,.T.);
#479=ORIENTED_EDGE('',*,*,#760,.T.);
#480=ORIENTED_EDGE('',*,*,#763,.T.);
#481=ORIENTED_EDGE('',*,*,#766,.T.);
#482=ORIENTED_EDGE('',*,*,#769,.T.);
#483=ORIENTED_EDGE('',*,*,#772,.T.);
#484=ORIENTED_EDGE('',*,*,#775,.T.);
#485=ORIENTED_EDGE('',*,*,#777,.T.);
#486=ORIENTED_EDGE('',*,*,#749,.T.);
#487=ORIENTED_EDGE('',*,*,#753,.T.);
#488=ORIENTED_EDGE('',*,*,#783,.F.);
#489=ORIENTED_EDGE('',*,*,#784,.F.);
#490=ORIENTED_EDGE('',*,*,#751,.F.);
#491=ORIENTED_EDGE('',*,*,#747,.F.);
#492=ORIENTED_EDGE('',*,*,#776,.F.);
#493=ORIENTED_EDGE('',*,*,#773,.F.);
#494=ORIENTED_EDGE('',*,*,#770,.F.);
#495=ORIENTED_EDGE('',*,*,#767,.F.);
#496=ORIENTED_EDGE('',*,*,#764,.F.);
#497=ORIENTED_EDGE('',*,*,#761,.F.);
#498=ORIENTED_EDGE('',*,*,#758,.F.);
#499=ORIENTED_EDGE('',*,*,#754,.F.);
#500=ORIENTED_EDGE('',*,*,#785,.T.);
#501=ORIENTED_EDGE('',*,*,#786,.T.);
#502=ORIENTED_EDGE('',*,*,#787,.F.);
#503=ORIENTED_EDGE('',*,*,#788,.F.);
#504=ORIENTED_EDGE('',*,*,#786,.F.);
#505=ORIENTED_EDGE('',*,*,#789,.T.);
#506=ORIENTED_EDGE('',*,*,#781,.T.);
#507=ORIENTED_EDGE('',*,*,#785,.F.);
#508=ORIENTED_EDGE('',*,*,#757,.F.);
#509=ORIENTED_EDGE('',*,*,#782,.F.);
#510=ORIENTED_EDGE('',*,*,#789,.F.);
#511=ORIENTED_EDGE('',*,*,#790,.F.);
#512=ORIENTED_EDGE('',*,*,#787,.T.);
#513=ORIENTED_EDGE('',*,*,#788,.T.);
#514=ORIENTED_EDGE('',*,*,#780,.T.);
#515=ORIENTED_EDGE('',*,*,#790,.T.);
#516=ORIENTED_EDGE('',*,*,#779,.F.);
#517=ORIENTED_EDGE('',*,*,#791,.F.);
#518=ORIENTED_EDGE('',*,*,#783,.T.);
#519=ORIENTED_EDGE('',*,*,#784,.T.);
#520=ORIENTED_EDGE('',*,*,#791,.T.);
#521=ORIENTED_EDGE('',*,*,#778,.T.);
#522=ORIENTED_EDGE('',*,*,#752,.T.);
#523=ORIENTED_EDGE('',*,*,#792,.F.);
#524=ORIENTED_EDGE('',*,*,#793,.F.);
#525=ORIENTED_EDGE('',*,*,#794,.T.);
#526=ORIENTED_EDGE('',*,*,#795,.T.);
#527=ORIENTED_EDGE('',*,*,#796,.F.);
#528=ORIENTED_EDGE('',*,*,#795,.F.);
#529=ORIENTED_EDGE('',*,*,#797,.T.);
#530=ORIENTED_EDGE('',*,*,#798,.T.);
#531=ORIENTED_EDGE('',*,*,#799,.F.);
#532=ORIENTED_EDGE('',*,*,#798,.F.);
#533=ORIENTED_EDGE('',*,*,#800,.T.);
#534=ORIENTED_EDGE('',*,*,#801,.T.);
#535=ORIENTED_EDGE('',*,*,#802,.F.);
#536=ORIENTED_EDGE('',*,*,#801,.F.);
#537=ORIENTED_EDGE('',*,*,#803,.T.);
#538=ORIENTED_EDGE('',*,*,#793,.T.);
#539=ORIENTED_EDGE('',*,*,#804,.F.);
#540=ORIENTED_EDGE('',*,*,#805,.F.);
#541=ORIENTED_EDGE('',*,*,#794,.F.);
#542=ORIENTED_EDGE('',*,*,#803,.F.);
#543=ORIENTED_EDGE('',*,*,#800,.F.);
#544=ORIENTED_EDGE('',*,*,#797,.F.);
#545=ORIENTED_EDGE('',*,*,#792,.T.);
#546=ORIENTED_EDGE('',*,*,#796,.T.);
#547=ORIENTED_EDGE('',*,*,#799,.T.);
#548=ORIENTED_EDGE('',*,*,#802,.T.);
#549=ORIENTED_EDGE('',*,*,#805,.T.);
#550=ORIENTED_EDGE('',*,*,#806,.T.);
#551=ORIENTED_EDGE('',*,*,#806,.F.);
#552=ORIENTED_EDGE('',*,*,#804,.T.);
#553=ORIENTED_EDGE('',*,*,#807,.T.);
#554=ORIENTED_EDGE('',*,*,#807,.F.);
#555=EDGE_CURVE('',#808,#809,#978,.T.);
#556=EDGE_CURVE('',#808,#810,#979,.T.);
#557=EDGE_CURVE('',#810,#811,#980,.T.);
#558=EDGE_CURVE('',#812,#811,#981,.T.);
#559=EDGE_CURVE('',#809,#812,#982,.T.);
#560=EDGE_CURVE('',#813,#814,#983,.T.);
#561=EDGE_CURVE('',#814,#815,#984,.T.);
#562=EDGE_CURVE('',#816,#815,#985,.T.);
#563=EDGE_CURVE('',#817,#816,#986,.T.);
#564=EDGE_CURVE('',#813,#817,#987,.T.);
#565=EDGE_CURVE('',#818,#819,#988,.T.);
#566=EDGE_CURVE('',#819,#808,#989,.T.);
#567=EDGE_CURVE('',#820,#809,#990,.T.);
#568=EDGE_CURVE('',#821,#820,#991,.T.);
#569=EDGE_CURVE('',#822,#821,#992,.T.);
#570=EDGE_CURVE('',#822,#823,#993,.T.);
#571=EDGE_CURVE('',#823,#824,#994,.T.);
#572=EDGE_CURVE('',#825,#824,#995,.T.);
#573=EDGE_CURVE('',#825,#826,#996,.T.);
#574=EDGE_CURVE('',#826,#827,#997,.T.);
#575=EDGE_CURVE('',#827,#818,#998,.T.);
#576=EDGE_CURVE('',#828,#815,#999,.T.);
#577=EDGE_CURVE('',#829,#828,#1000,.T.);
#578=EDGE_CURVE('',#830,#829,#1001,.T.);
#579=EDGE_CURVE('',#830,#831,#1002,.T.);
#580=EDGE_CURVE('',#832,#831,#1003,.T.);
#581=EDGE_CURVE('',#833,#832,#1004,.T.);
#582=EDGE_CURVE('',#834,#833,#1005,.T.);
#583=EDGE_CURVE('',#834,#835,#1006,.T.);
#584=EDGE_CURVE('',#835,#836,#1007,.T.);
#585=EDGE_CURVE('',#837,#836,#1008,.T.);
#586=EDGE_CURVE('',#837,#816,#1009,.T.);
#587=EDGE_CURVE('',#838,#825,#1010,.T.);
#588=EDGE_CURVE('',#838,#839,#1011,.T.);
#589=EDGE_CURVE('',#839,#826,#1012,.T.);
#590=EDGE_CURVE('',#820,#840,#1013,.T.);
#591=EDGE_CURVE('',#840,#812,#1014,.T.);
#592=EDGE_CURVE('',#841,#837,#1015,.T.);
#593=EDGE_CURVE('',#841,#817,#1016,.T.);
#594=EDGE_CURVE('',#832,#842,#1017,.T.);
#595=EDGE_CURVE('',#831,#843,#1018,.T.);
#596=EDGE_CURVE('',#842,#843,#1019,.T.);
#597=EDGE_CURVE('',#844,#845,#1020,.T.);
#598=EDGE_CURVE('',#846,#845,#1021,.T.);
#599=EDGE_CURVE('',#847,#846,#1022,.T.);
#600=EDGE_CURVE('',#844,#847,#1023,.T.);
#601=EDGE_CURVE('',#848,#849,#1024,.T.);
#602=EDGE_CURVE('',#850,#849,#1025,.T.);
#603=EDGE_CURVE('',#851,#850,#1026,.T.);
#604=EDGE_CURVE('',#848,#851,#1027,.T.);
#605=EDGE_CURVE('',#852,#853,#1028,.T.);
#606=EDGE_CURVE('',#854,#852,#1029,.T.);
#607=EDGE_CURVE('',#840,#854,#1030,.T.);
#608=EDGE_CURVE('',#847,#811,#1031,.T.);
#609=EDGE_CURVE('',#846,#813,#1032,.T.);
#610=EDGE_CURVE('',#855,#841,#1033,.T.);
#611=EDGE_CURVE('',#855,#853,#1034,.T.);
#612=EDGE_CURVE('',#856,#857,#1035,.T.);
#613=EDGE_CURVE('',#856,#858,#1036,.T.);
#614=EDGE_CURVE('',#858,#859,#1037,.T.);
#615=EDGE_CURVE('',#857,#859,#1038,.T.);
#616=EDGE_CURVE('',#860,#838,#1039,.T.);
#617=EDGE_CURVE('',#860,#861,#1040,.T.);
#618=EDGE_CURVE('',#862,#861,#1041,.T.);
#619=EDGE_CURVE('',#863,#862,#1042,.T.);
#620=EDGE_CURVE('',#842,#863,#1043,.T.);
#621=EDGE_CURVE('',#843,#864,#1044,.T.);
#622=EDGE_CURVE('',#851,#864,#1045,.T.);
#623=EDGE_CURVE('',#850,#865,#1046,.T.);
#624=EDGE_CURVE('',#865,#839,#1047,.T.);
#625=EDGE_CURVE('',#865,#866,#1048,.T.);
#626=EDGE_CURVE('',#827,#866,#1049,.T.);
#627=EDGE_CURVE('',#867,#830,#1050,.T.);
#628=EDGE_CURVE('',#867,#864,#1051,.T.);
#629=EDGE_CURVE('',#852,#861,#1052,.T.);
#630=EDGE_CURVE('',#862,#853,#1053,.T.);
#631=EDGE_CURVE('',#868,#810,#1054,.T.);
#632=EDGE_CURVE('',#869,#868,#1055,.T.);
#633=EDGE_CURVE('',#866,#869,#1056,.T.);
#634=EDGE_CURVE('',#870,#849,#1057,.T.);
#635=EDGE_CURVE('',#870,#871,#1058,.T.);
#636=EDGE_CURVE('',#871,#844,#1059,.T.);
#637=EDGE_CURVE('',#814,#872,#1060,.T.);
#638=EDGE_CURVE('',#873,#845,#1061,.T.);
#639=EDGE_CURVE('',#873,#874,#1062,.T.);
#640=EDGE_CURVE('',#874,#848,#1063,.T.);
#641=EDGE_CURVE('',#875,#867,#1064,.T.);
#642=EDGE_CURVE('',#872,#875,#1065,.T.);
#643=EDGE_CURVE('',#871,#873,#1066,.T.);
#644=EDGE_CURVE('',#874,#870,#1067,.T.);
#645=EDGE_CURVE('',#836,#876,#1068,.T.);
#646=EDGE_CURVE('',#876,#877,#1069,.T.);
#647=EDGE_CURVE('',#877,#833,#1070,.T.);
#648=EDGE_CURVE('',#863,#855,#1071,.T.);
#649=EDGE_CURVE('',#824,#878,#1072,.T.);
#650=EDGE_CURVE('',#878,#879,#1073,.T.);
#651=EDGE_CURVE('',#879,#821,#1074,.T.);
#652=EDGE_CURVE('',#854,#860,#1075,.T.);
#653=EDGE_CURVE('',#835,#880,#1076,.T.);
#654=EDGE_CURVE('',#880,#876,#1077,.T.);
#655=EDGE_CURVE('',#880,#881,#1078,.T.);
#656=EDGE_CURVE('',#881,#877,#1079,.T.);
#657=EDGE_CURVE('',#881,#834,#1080,.T.);
#658=EDGE_CURVE('',#882,#879,#1081,.T.);
#659=EDGE_CURVE('',#882,#822,#1082,.T.);
#660=EDGE_CURVE('',#823,#883,#1083,.T.);
#661=EDGE_CURVE('',#883,#878,#1084,.T.);
#662=EDGE_CURVE('',#883,#882,#1085,.T.);
#663=EDGE_CURVE('',#859,#884,#1086,.T.);
#664=EDGE_CURVE('',#858,#885,#1087,.T.);
#665=EDGE_CURVE('',#885,#884,#1088,.T.);
#666=EDGE_CURVE('',#884,#886,#1089,.T.);
#667=EDGE_CURVE('',#885,#887,#1090,.T.);
#668=EDGE_CURVE('',#887,#886,#1091,.T.);
#669=EDGE_CURVE('',#886,#857,#1092,.T.);
#670=EDGE_CURVE('',#887,#856,#1093,.T.);
#671=EDGE_CURVE('',#875,#829,#1094,.T.);
#672=EDGE_CURVE('',#872,#828,#1095,.T.);
#673=EDGE_CURVE('',#819,#868,#1096,.T.);
#674=EDGE_CURVE('',#818,#869,#1097,.T.);
#675=EDGE_CURVE('',#888,#889,#1098,.T.);
#676=EDGE_CURVE('',#890,#889,#1099,.T.);
#677=EDGE_CURVE('',#891,#890,#1100,.T.);
#678=EDGE_CURVE('',#891,#888,#1101,.T.);
#679=EDGE_CURVE('',#892,#893,#1102,.T.);
#680=EDGE_CURVE('',#893,#894,#1103,.T.);
#681=EDGE_CURVE('',#894,#895,#1104,.T.);
#682=EDGE_CURVE('',#895,#892,#1105,.T.);
#683=EDGE_CURVE('',#896,#897,#1106,.T.);
#684=EDGE_CURVE('',#896,#898,#1107,.T.);
#685=EDGE_CURVE('',#898,#899,#1108,.T.);
#686=EDGE_CURVE('',#899,#900,#1109,.T.);
#687=EDGE_CURVE('',#901,#900,#1110,.T.);
#688=EDGE_CURVE('',#902,#901,#1111,.T.);
#689=EDGE_CURVE('',#902,#903,#1112,.T.);
#690=EDGE_CURVE('',#903,#897,#1113,.T.);
#691=EDGE_CURVE('',#904,#905,#1114,.T.);
#692=EDGE_CURVE('',#905,#906,#1115,.T.);
#693=EDGE_CURVE('',#907,#906,#1116,.T.);
#694=EDGE_CURVE('',#908,#907,#1117,.T.);
#695=EDGE_CURVE('',#908,#909,#1118,.T.);
#696=EDGE_CURVE('',#909,#910,#1119,.T.);
#697=EDGE_CURVE('',#911,#910,#1120,.T.);
#698=EDGE_CURVE('',#911,#904,#1121,.T.);
#699=EDGE_CURVE('',#905,#897,#1122,.T.);
#700=EDGE_CURVE('',#889,#903,#1123,.T.);
#701=EDGE_CURVE('',#906,#888,#1124,.T.);
#702=EDGE_CURVE('',#899,#910,#1125,.T.);
#703=EDGE_CURVE('',#912,#909,#1126,.T.);
#704=EDGE_CURVE('',#913,#912,#1127,.T.);
#705=EDGE_CURVE('',#900,#913,#1128,.T.);
#706=EDGE_CURVE('',#914,#913,#1129,.T.);
#707=EDGE_CURVE('',#901,#914,#1130,.T.);
#708=EDGE_CURVE('',#915,#916,#1131,.T.);
#709=EDGE_CURVE('',#917,#915,#1132,.T.);
#710=EDGE_CURVE('',#918,#917,#1133,.T.);
#711=EDGE_CURVE('',#916,#918,#1134,.T.);
#712=EDGE_CURVE('',#919,#912,#1135,.T.);
#713=EDGE_CURVE('',#914,#919,#1136,.T.);
#714=EDGE_CURVE('',#919,#908,#1137,.T.);
#715=EDGE_CURVE('',#907,#891,#1138,.T.);
#716=EDGE_CURVE('',#890,#902,#1139,.T.);
#717=EDGE_CURVE('',#920,#921,#1140,.T.);
#718=EDGE_CURVE('',#922,#920,#1141,.T.);
#719=EDGE_CURVE('',#923,#922,#1142,.T.);
#720=EDGE_CURVE('',#921,#923,#1143,.T.);
#721=EDGE_CURVE('',#904,#896,#1144,.T.);
#722=EDGE_CURVE('',#898,#911,#1145,.T.);
#723=EDGE_CURVE('',#924,#921,#1146,.T.);
#724=EDGE_CURVE('',#925,#924,#1147,.T.);
#725=EDGE_CURVE('',#925,#920,#1148,.T.);
#726=EDGE_CURVE('',#926,#923,#1149,.T.);
#727=EDGE_CURVE('',#924,#926,#1150,.T.);
#728=EDGE_CURVE('',#927,#922,#1151,.T.);
#729=EDGE_CURVE('',#926,#927,#1152,.T.);
#730=EDGE_CURVE('',#927,#925,#1153,.T.);
#731=EDGE_CURVE('',#928,#892,#1154,.T.);
#732=EDGE_CURVE('',#928,#929,#1155,.T.);
#733=EDGE_CURVE('',#929,#893,#1156,.T.);
#734=EDGE_CURVE('',#929,#930,#1157,.T.);
#735=EDGE_CURVE('',#930,#894,#1158,.T.);
#736=EDGE_CURVE('',#930,#931,#1159,.T.);
#737=EDGE_CURVE('',#931,#895,#1160,.T.);
#738=EDGE_CURVE('',#931,#928,#1161,.T.);
#739=EDGE_CURVE('',#932,#915,#1162,.T.);
#740=EDGE_CURVE('',#933,#932,#1163,.T.);
#741=EDGE_CURVE('',#933,#917,#1164,.T.);
#742=EDGE_CURVE('',#934,#916,#1165,.T.);
#743=EDGE_CURVE('',#932,#934,#1166,.T.);
#744=EDGE_CURVE('',#935,#918,#1167,.T.);
#745=EDGE_CURVE('',#934,#935,#1168,.T.);
#746=EDGE_CURVE('',#935,#933,#1169,.T.);
#747=EDGE_CURVE('',#936,#937,#1170,.T.);
#748=EDGE_CURVE('',#938,#937,#1171,.T.);
#749=EDGE_CURVE('',#939,#938,#1172,.T.);
#750=EDGE_CURVE('',#939,#936,#1173,.T.);
#751=EDGE_CURVE('',#937,#940,#1174,.T.);
#752=EDGE_CURVE('',#941,#940,#1175,.T.);
#753=EDGE_CURVE('',#938,#941,#1176,.T.);
#754=EDGE_CURVE('',#942,#943,#1177,.T.);
#755=EDGE_CURVE('',#944,#943,#1178,.T.);
#756=EDGE_CURVE('',#945,#944,#1179,.T.);
#757=EDGE_CURVE('',#945,#942,#1180,.T.);
#758=EDGE_CURVE('',#943,#946,#1181,.T.);
#759=EDGE_CURVE('',#947,#946,#1182,.T.);
#760=EDGE_CURVE('',#944,#947,#1183,.T.);
#761=EDGE_CURVE('',#946,#948,#1184,.T.);
#762=EDGE_CURVE('',#949,#948,#1185,.T.);
#763=EDGE_CURVE('',#947,#949,#1186,.T.);
#764=EDGE_CURVE('',#948,#950,#1187,.T.);
#765=EDGE_CURVE('',#951,#950,#1188,.T.);
#766=EDGE_CURVE('',#949,#951,#1189,.T.);
#767=EDGE_CURVE('',#950,#952,#1190,.T.);
#768=EDGE_CURVE('',#953,#952,#1191,.T.);
#769=EDGE_CURVE('',#951,#953,#1192,.T.);
#770=EDGE_CURVE('',#952,#954,#1193,.T.);
#771=EDGE_CURVE('',#955,#954,#1194,.T.);
#772=EDGE_CURVE('',#953,#955,#1195,.T.);
#773=EDGE_CURVE('',#954,#956,#1196,.T.);
#774=EDGE_CURVE('',#957,#956,#1197,.T.);
#775=EDGE_CURVE('',#955,#957,#1198,.T.);
#776=EDGE_CURVE('',#956,#936,#1199,.T.);
#777=EDGE_CURVE('',#957,#939,#1200,.T.);
#778=EDGE_CURVE('',#958,#941,#1201,.T.);
#779=EDGE_CURVE('',#958,#959,#1202,.T.);
#780=EDGE_CURVE('',#960,#959,#1203,.T.);
#781=EDGE_CURVE('',#961,#960,#1204,.T.);
#782=EDGE_CURVE('',#961,#945,#1205,.T.);
#783=EDGE_CURVE('',#962,#963,#1206,.T.);
#784=EDGE_CURVE('',#940,#962,#1207,.T.);
#785=EDGE_CURVE('',#942,#964,#1208,.T.);
#786=EDGE_CURVE('',#964,#965,#1209,.T.);
#787=EDGE_CURVE('',#963,#965,#1210,.T.);
#788=EDGE_CURVE('',#965,#960,#1211,.T.);
#789=EDGE_CURVE('',#964,#961,#1212,.T.);
#790=EDGE_CURVE('',#963,#959,#1213,.T.);
#791=EDGE_CURVE('',#962,#958,#1214,.T.);
#792=EDGE_CURVE('',#966,#967,#1215,.T.);
#793=EDGE_CURVE('',#968,#966,#1216,.T.);
#794=EDGE_CURVE('',#968,#969,#1217,.T.);
#795=EDGE_CURVE('',#969,#967,#1218,.T.);
#796=EDGE_CURVE('',#967,#970,#1219,.T.);
#797=EDGE_CURVE('',#969,#971,#1220,.T.);
#798=EDGE_CURVE('',#971,#970,#1221,.T.);
#799=EDGE_CURVE('',#970,#972,#1222,.T.);
#800=EDGE_CURVE('',#971,#973,#1223,.T.);
#801=EDGE_CURVE('',#973,#972,#1224,.T.);
#802=EDGE_CURVE('',#972,#966,#1225,.T.);
#803=EDGE_CURVE('',#973,#968,#1226,.T.);
#804=EDGE_CURVE('',#974,#974,#20,.F.);
#805=EDGE_CURVE('',#975,#975,#21,.F.);
#806=EDGE_CURVE('',#976,#976,#22,.T.);
#807=EDGE_CURVE('',#977,#977,#23,.T.);
#808=VERTEX_POINT('',#2511);
#809=VERTEX_POINT('',#2512);
#810=VERTEX_POINT('',#2514);
#811=VERTEX_POINT('',#2516);
#812=VERTEX_POINT('',#2518);
#813=VERTEX_POINT('',#2522);
#814=VERTEX_POINT('',#2523);
#815=VERTEX_POINT('',#2525);
#816=VERTEX_POINT('',#2527);
#817=VERTEX_POINT('',#2529);
#818=VERTEX_POINT('',#2533);
#819=VERTEX_POINT('',#2534);
#820=VERTEX_POINT('',#2537);
#821=VERTEX_POINT('',#2539);
#822=VERTEX_POINT('',#2541);
#823=VERTEX_POINT('',#2543);
#824=VERTEX_POINT('',#2545);
#825=VERTEX_POINT('',#2547);
#826=VERTEX_POINT('',#2549);
#827=VERTEX_POINT('',#2551);
#828=VERTEX_POINT('',#2555);
#829=VERTEX_POINT('',#2557);
#830=VERTEX_POINT('',#2559);
#831=VERTEX_POINT('',#2561);
#832=VERTEX_POINT('',#2563);
#833=VERTEX_POINT('',#2565);
#834=VERTEX_POINT('',#2567);
#835=VERTEX_POINT('',#2569);
#836=VERTEX_POINT('',#2571);
#837=VERTEX_POINT('',#2573);
#838=VERTEX_POINT('',#2577);
#839=VERTEX_POINT('',#2579);
#840=VERTEX_POINT('',#2583);
#841=VERTEX_POINT('',#2587);
#842=VERTEX_POINT('',#2591);
#843=VERTEX_POINT('',#2593);
#844=VERTEX_POINT('',#2597);
#845=VERTEX_POINT('',#2598);
#846=VERTEX_POINT('',#2600);
#847=VERTEX_POINT('',#2602);
#848=VERTEX_POINT('',#2606);
#849=VERTEX_POINT('',#2607);
#850=VERTEX_POINT('',#2609);
#851=VERTEX_POINT('',#2611);
#852=VERTEX_POINT('',#2615);
#853=VERTEX_POINT('',#2616);
#854=VERTEX_POINT('',#2618);
#855=VERTEX_POINT('',#2623);
#856=VERTEX_POINT('',#2627);
#857=VERTEX_POINT('',#2628);
#858=VERTEX_POINT('',#2630);
#859=VERTEX_POINT('',#2632);
#860=VERTEX_POINT('',#2635);
#861=VERTEX_POINT('',#2637);
#862=VERTEX_POINT('',#2639);
#863=VERTEX_POINT('',#2641);
#864=VERTEX_POINT('',#2644);
#865=VERTEX_POINT('',#2647);
#866=VERTEX_POINT('',#2651);
#867=VERTEX_POINT('',#2655);
#868=VERTEX_POINT('',#2662);
#869=VERTEX_POINT('',#2664);
#870=VERTEX_POINT('',#2667);
#871=VERTEX_POINT('',#2669);
#872=VERTEX_POINT('',#2673);
#873=VERTEX_POINT('',#2675);
#874=VERTEX_POINT('',#2677);
#875=VERTEX_POINT('',#2680);
#876=VERTEX_POINT('',#2689);
#877=VERTEX_POINT('',#2691);
#878=VERTEX_POINT('',#2697);
#879=VERTEX_POINT('',#2699);
#880=VERTEX_POINT('',#2705);
#881=VERTEX_POINT('',#2709);
#882=VERTEX_POINT('',#2716);
#883=VERTEX_POINT('',#2720);
#884=VERTEX_POINT('',#2727);
#885=VERTEX_POINT('',#2729);
#886=VERTEX_POINT('',#2733);
#887=VERTEX_POINT('',#2735);
#888=VERTEX_POINT('',#2755);
#889=VERTEX_POINT('',#2756);
#890=VERTEX_POINT('',#2758);
#891=VERTEX_POINT('',#2760);
#892=VERTEX_POINT('',#2763);
#893=VERTEX_POINT('',#2764);
#894=VERTEX_POINT('',#2766);
#895=VERTEX_POINT('',#2768);
#896=VERTEX_POINT('',#2772);
#897=VERTEX_POINT('',#2773);
#898=VERTEX_POINT('',#2775);
#899=VERTEX_POINT('',#2777);
#900=VERTEX_POINT('',#2779);
#901=VERTEX_POINT('',#2781);
#902=VERTEX_POINT('',#2783);
#903=VERTEX_POINT('',#2785);
#904=VERTEX_POINT('',#2789);
#905=VERTEX_POINT('',#2790);
#906=VERTEX_POINT('',#2792);
#907=VERTEX_POINT('',#2794);
#908=VERTEX_POINT('',#2796);
#909=VERTEX_POINT('',#2798);
#910=VERTEX_POINT('',#2800);
#911=VERTEX_POINT('',#2802);
#912=VERTEX_POINT('',#2811);
#913=VERTEX_POINT('',#2813);
#914=VERTEX_POINT('',#2817);
#915=VERTEX_POINT('',#2821);
#916=VERTEX_POINT('',#2822);
#917=VERTEX_POINT('',#2824);
#918=VERTEX_POINT('',#2826);
#919=VERTEX_POINT('',#2829);
#920=VERTEX_POINT('',#2839);
#921=VERTEX_POINT('',#2840);
#922=VERTEX_POINT('',#2842);
#923=VERTEX_POINT('',#2844);
#924=VERTEX_POINT('',#2853);
#925=VERTEX_POINT('',#2855);
#926=VERTEX_POINT('',#2859);
#927=VERTEX_POINT('',#2863);
#928=VERTEX_POINT('',#2870);
#929=VERTEX_POINT('',#2872);
#930=VERTEX_POINT('',#2876);
#931=VERTEX_POINT('',#2880);
#932=VERTEX_POINT('',#2887);
#933=VERTEX_POINT('',#2889);
#934=VERTEX_POINT('',#2893);
#935=VERTEX_POINT('',#2897);
#936=VERTEX_POINT('',#2905);
#937=VERTEX_POINT('',#2906);
#938=VERTEX_POINT('',#2908);
#939=VERTEX_POINT('',#2910);
#940=VERTEX_POINT('',#2914);
#941=VERTEX_POINT('',#2916);
#942=VERTEX_POINT('',#2920);
#943=VERTEX_POINT('',#2921);
#944=VERTEX_POINT('',#2923);
#945=VERTEX_POINT('',#2925);
#946=VERTEX_POINT('',#2929);
#947=VERTEX_POINT('',#2931);
#948=VERTEX_POINT('',#2935);
#949=VERTEX_POINT('',#2937);
#950=VERTEX_POINT('',#2941);
#951=VERTEX_POINT('',#2943);
#952=VERTEX_POINT('',#2947);
#953=VERTEX_POINT('',#2949);
#954=VERTEX_POINT('',#2953);
#955=VERTEX_POINT('',#2955);
#956=VERTEX_POINT('',#2959);
#957=VERTEX_POINT('',#2961);
#958=VERTEX_POINT('',#2968);
#959=VERTEX_POINT('',#2970);
#960=VERTEX_POINT('',#2972);
#961=VERTEX_POINT('',#2974);
#962=VERTEX_POINT('',#2978);
#963=VERTEX_POINT('',#2979);
#964=VERTEX_POINT('',#2982);
#965=VERTEX_POINT('',#2984);
#966=VERTEX_POINT('',#2998);
#967=VERTEX_POINT('',#2999);
#968=VERTEX_POINT('',#3001);
#969=VERTEX_POINT('',#3003);
#970=VERTEX_POINT('',#3007);
#971=VERTEX_POINT('',#3009);
#972=VERTEX_POINT('',#3013);
#973=VERTEX_POINT('',#3015);
#974=VERTEX_POINT('',#3022);
#975=VERTEX_POINT('',#3024);
#976=VERTEX_POINT('',#3028);
#977=VERTEX_POINT('',#3032);
#978=LINE('',#2510,#1227);
#979=LINE('',#2513,#1228);
#980=LINE('',#2515,#1229);
#981=LINE('',#2517,#1230);
#982=LINE('',#2519,#1231);
#983=LINE('',#2521,#1232);
#984=LINE('',#2524,#1233);
#985=LINE('',#2526,#1234);
#986=LINE('',#2528,#1235);
#987=LINE('',#2530,#1236);
#988=LINE('',#2532,#1237);
#989=LINE('',#2535,#1238);
#990=LINE('',#2536,#1239);
#991=LINE('',#2538,#1240);
#992=LINE('',#2540,#1241);
#993=LINE('',#2542,#1242);
#994=LINE('',#2544,#1243);
#995=LINE('',#2546,#1244);
#996=LINE('',#2548,#1245);
#997=LINE('',#2550,#1246);
#998=LINE('',#2552,#1247);
#999=LINE('',#2554,#1248);
#1000=LINE('',#2556,#1249);
#1001=LINE('',#2558,#1250);
#1002=LINE('',#2560,#1251);
#1003=LINE('',#2562,#1252);
#1004=LINE('',#2564,#1253);
#1005=LINE('',#2566,#1254);
#1006=LINE('',#2568,#1255);
#1007=LINE('',#2570,#1256);
#1008=LINE('',#2572,#1257);
#1009=LINE('',#2574,#1258);
#1010=LINE('',#2576,#1259);
#1011=LINE('',#2578,#1260);
#1012=LINE('',#2580,#1261);
#1013=LINE('',#2582,#1262);
#1014=LINE('',#2584,#1263);
#1015=LINE('',#2586,#1264);
#1016=LINE('',#2588,#1265);
#1017=LINE('',#2590,#1266);
#1018=LINE('',#2592,#1267);
#1019=LINE('',#2594,#1268);
#1020=LINE('',#2596,#1269);
#1021=LINE('',#2599,#1270);
#1022=LINE('',#2601,#1271);
#1023=LINE('',#2603,#1272);
#1024=LINE('',#2605,#1273);
#1025=LINE('',#2608,#1274);
#1026=LINE('',#2610,#1275);
#1027=LINE('',#2612,#1276);
#1028=LINE('',#2614,#1277);
#1029=LINE('',#2617,#1278);
#1030=LINE('',#2619,#1279);
#1031=LINE('',#2620,#1280);
#1032=LINE('',#2621,#1281);
#1033=LINE('',#2622,#1282);
#1034=LINE('',#2624,#1283);
#1035=LINE('',#2626,#1284);
#1036=LINE('',#2629,#1285);
#1037=LINE('',#2631,#1286);
#1038=LINE('',#2633,#1287);
#1039=LINE('',#2634,#1288);
#1040=LINE('',#2636,#1289);
#1041=LINE('',#2638,#1290);
#1042=LINE('',#2640,#1291);
#1043=LINE('',#2642,#1292);
#1044=LINE('',#2643,#1293);
#1045=LINE('',#2645,#1294);
#1046=LINE('',#2646,#1295);
#1047=LINE('',#2648,#1296);
#1048=LINE('',#2650,#1297);
#1049=LINE('',#2652,#1298);
#1050=LINE('',#2654,#1299);
#1051=LINE('',#2656,#1300);
#1052=LINE('',#2658,#1301);
#1053=LINE('',#2659,#1302);
#1054=LINE('',#2661,#1303);
#1055=LINE('',#2663,#1304);
#1056=LINE('',#2665,#1305);
#1057=LINE('',#2666,#1306);
#1058=LINE('',#2668,#1307);
#1059=LINE('',#2670,#1308);
#1060=LINE('',#2672,#1309);
#1061=LINE('',#2674,#1310);
#1062=LINE('',#2676,#1311);
#1063=LINE('',#2678,#1312);
#1064=LINE('',#2679,#1313);
#1065=LINE('',#2681,#1314);
#1066=LINE('',#2683,#1315);
#1067=LINE('',#2685,#1316);
#1068=LINE('',#2688,#1317);
#1069=LINE('',#2690,#1318);
#1070=LINE('',#2692,#1319);
#1071=LINE('',#2693,#1320);
#1072=LINE('',#2696,#1321);
#1073=LINE('',#2698,#1322);
#1074=LINE('',#2700,#1323);
#1075=LINE('',#2701,#1324);
#1076=LINE('',#2704,#1325);
#1077=LINE('',#2706,#1326);
#1078=LINE('',#2708,#1327);
#1079=LINE('',#2710,#1328);
#1080=LINE('',#2712,#1329);
#1081=LINE('',#2715,#1330);
#1082=LINE('',#2717,#1331);
#1083=LINE('',#2719,#1332);
#1084=LINE('',#2721,#1333);
#1085=LINE('',#2723,#1334);
#1086=LINE('',#2726,#1335);
#1087=LINE('',#2728,#1336);
#1088=LINE('',#2730,#1337);
#1089=LINE('',#2732,#1338);
#1090=LINE('',#2734,#1339);
#1091=LINE('',#2736,#1340);
#1092=LINE('',#2738,#1341);
#1093=LINE('',#2739,#1342);
#1094=LINE('',#2743,#1343);
#1095=LINE('',#2744,#1344);
#1096=LINE('',#2748,#1345);
#1097=LINE('',#2750,#1346);
#1098=LINE('',#2754,#1347);
#1099=LINE('',#2757,#1348);
#1100=LINE('',#2759,#1349);
#1101=LINE('',#2761,#1350);
#1102=LINE('',#2762,#1351);
#1103=LINE('',#2765,#1352);
#1104=LINE('',#2767,#1353);
#1105=LINE('',#2769,#1354);
#1106=LINE('',#2771,#1355);
#1107=LINE('',#2774,#1356);
#1108=LINE('',#2776,#1357);
#1109=LINE('',#2778,#1358);
#1110=LINE('',#2780,#1359);
#1111=LINE('',#2782,#1360);
#1112=LINE('',#2784,#1361);
#1113=LINE('',#2786,#1362);
#1114=LINE('',#2788,#1363);
#1115=LINE('',#2791,#1364);
#1116=LINE('',#2793,#1365);
#1117=LINE('',#2795,#1366);
#1118=LINE('',#2797,#1367);
#1119=LINE('',#2799,#1368);
#1120=LINE('',#2801,#1369);
#1121=LINE('',#2803,#1370);
#1122=LINE('',#2805,#1371);
#1123=LINE('',#2806,#1372);
#1124=LINE('',#2807,#1373);
#1125=LINE('',#2809,#1374);
#1126=LINE('',#2810,#1375);
#1127=LINE('',#2812,#1376);
#1128=LINE('',#2814,#1377);
#1129=LINE('',#2816,#1378);
#1130=LINE('',#2818,#1379);
#1131=LINE('',#2820,#1380);
#1132=LINE('',#2823,#1381);
#1133=LINE('',#2825,#1382);
#1134=LINE('',#2827,#1383);
#1135=LINE('',#2828,#1384);
#1136=LINE('',#2830,#1385);
#1137=LINE('',#2832,#1386);
#1138=LINE('',#2834,#1387);
#1139=LINE('',#2836,#1388);
#1140=LINE('',#2838,#1389);
#1141=LINE('',#2841,#1390);
#1142=LINE('',#2843,#1391);
#1143=LINE('',#2845,#1392);
#1144=LINE('',#2847,#1393);
#1145=LINE('',#2849,#1394);
#1146=LINE('',#2852,#1395);
#1147=LINE('',#2854,#1396);
#1148=LINE('',#2856,#1397);
#1149=LINE('',#2858,#1398);
#1150=LINE('',#2860,#1399);
#1151=LINE('',#2862,#1400);
#1152=LINE('',#2864,#1401);
#1153=LINE('',#2866,#1402);
#1154=LINE('',#2869,#1403);
#1155=LINE('',#2871,#1404);
#1156=LINE('',#2873,#1405);
#1157=LINE('',#2875,#1406);
#1158=LINE('',#2877,#1407);
#1159=LINE('',#2879,#1408);
#1160=LINE('',#2881,#1409);
#1161=LINE('',#2883,#1410);
#1162=LINE('',#2886,#1411);
#1163=LINE('',#2888,#1412);
#1164=LINE('',#2890,#1413);
#1165=LINE('',#2892,#1414);
#1166=LINE('',#2894,#1415);
#1167=LINE('',#2896,#1416);
#1168=LINE('',#2898,#1417);
#1169=LINE('',#2900,#1418);
#1170=LINE('',#2904,#1419);
#1171=LINE('',#2907,#1420);
#1172=LINE('',#2909,#1421);
#1173=LINE('',#2911,#1422);
#1174=LINE('',#2913,#1423);
#1175=LINE('',#2915,#1424);
#1176=LINE('',#2917,#1425);
#1177=LINE('',#2919,#1426);
#1178=LINE('',#2922,#1427);
#1179=LINE('',#2924,#1428);
#1180=LINE('',#2926,#1429);
#1181=LINE('',#2928,#1430);
#1182=LINE('',#2930,#1431);
#1183=LINE('',#2932,#1432);
#1184=LINE('',#2934,#1433);
#1185=LINE('',#2936,#1434);
#1186=LINE('',#2938,#1435);
#1187=LINE('',#2940,#1436);
#1188=LINE('',#2942,#1437);
#1189=LINE('',#2944,#1438);
#1190=LINE('',#2946,#1439);
#1191=LINE('',#2948,#1440);
#1192=LINE('',#2950,#1441);
#1193=LINE('',#2952,#1442);
#1194=LINE('',#2954,#1443);
#1195=LINE('',#2956,#1444);
#1196=LINE('',#2958,#1445);
#1197=LINE('',#2960,#1446);
#1198=LINE('',#2962,#1447);
#1199=LINE('',#2964,#1448);
#1200=LINE('',#2965,#1449);
#1201=LINE('',#2967,#1450);
#1202=LINE('',#2969,#1451);
#1203=LINE('',#2971,#1452);
#1204=LINE('',#2973,#1453);
#1205=LINE('',#2975,#1454);
#1206=LINE('',#2977,#1455);
#1207=LINE('',#2980,#1456);
#1208=LINE('',#2981,#1457);
#1209=LINE('',#2983,#1458);
#1210=LINE('',#2985,#1459);
#1211=LINE('',#2987,#1460);
#1212=LINE('',#2988,#1461);
#1213=LINE('',#2991,#1462);
#1214=LINE('',#2993,#1463);
#1215=LINE('',#2997,#1464);
#1216=LINE('',#3000,#1465);
#1217=LINE('',#3002,#1466);
#1218=LINE('',#3004,#1467);
#1219=LINE('',#3006,#1468);
#1220=LINE('',#3008,#1469);
#1221=LINE('',#3010,#1470);
#1222=LINE('',#3012,#1471);
#1223=LINE('',#3014,#1472);
#1224=LINE('',#3016,#1473);
#1225=LINE('',#3018,#1474);
#1226=LINE('',#3019,#1475);
#1227=VECTOR('',#2047,39.3700787401575);
#1228=VECTOR('',#2048,39.3700787401575);
#1229=VECTOR('',#2049,39.3700787401575);
#1230=VECTOR('',#2050,39.3700787401575);
#1231=VECTOR('',#2051,39.3700787401575);
#1232=VECTOR('',#2054,39.3700787401575);
#1233=VECTOR('',#2055,39.3700787401575);
#1234=VECTOR('',#2056,39.3700787401575);
#1235=VECTOR('',#2057,39.3700787401575);
#1236=VECTOR('',#2058,39.3700787401575);
#1237=VECTOR('',#2061,39.3700787401575);
#1238=VECTOR('',#2062,39.3700787401575);
#1239=VECTOR('',#2063,39.3700787401575);
#1240=VECTOR('',#2064,39.3700787401575);
#1241=VECTOR('',#2065,39.3700787401575);
#1242=VECTOR('',#2066,39.3700787401575);
#1243=VECTOR('',#2067,39.3700787401575);
#1244=VECTOR('',#2068,39.3700787401575);
#1245=VECTOR('',#2069,39.3700787401575);
#1246=VECTOR('',#2070,39.3700787401575);
#1247=VECTOR('',#2071,39.3700787401575);
#1248=VECTOR('',#2074,39.3700787401575);
#1249=VECTOR('',#2075,39.3700787401575);
#1250=VECTOR('',#2076,39.3700787401575);
#1251=VECTOR('',#2077,39.3700787401575);
#1252=VECTOR('',#2078,39.3700787401575);
#1253=VECTOR('',#2079,39.3700787401575);
#1254=VECTOR('',#2080,39.3700787401575);
#1255=VECTOR('',#2081,39.3700787401575);
#1256=VECTOR('',#2082,39.3700787401575);
#1257=VECTOR('',#2083,39.3700787401575);
#1258=VECTOR('',#2084,39.3700787401575);
#1259=VECTOR('',#2087,39.3700787401575);
#1260=VECTOR('',#2088,39.3700787401575);
#1261=VECTOR('',#2089,39.3700787401575);
#1262=VECTOR('',#2092,39.3700787401575);
#1263=VECTOR('',#2093,39.3700787401575);
#1264=VECTOR('',#2096,39.3700787401575);
#1265=VECTOR('',#2097,39.3700787401575);
#1266=VECTOR('',#2100,39.3700787401575);
#1267=VECTOR('',#2101,39.3700787401575);
#1268=VECTOR('',#2102,39.3700787401575);
#1269=VECTOR('',#2105,39.3700787401575);
#1270=VECTOR('',#2106,39.3700787401575);
#1271=VECTOR('',#2107,39.3700787401575);
#1272=VECTOR('',#2108,39.3700787401575);
#1273=VECTOR('',#2111,39.3700787401575);
#1274=VECTOR('',#2112,39.3700787401575);
#1275=VECTOR('',#2113,39.3700787401575);
#1276=VECTOR('',#2114,39.3700787401575);
#1277=VECTOR('',#2117,39.3700787401575);
#1278=VECTOR('',#2118,39.3700787401575);
#1279=VECTOR('',#2119,39.3700787401575);
#1280=VECTOR('',#2120,39.3700787401575);
#1281=VECTOR('',#2121,39.3700787401575);
#1282=VECTOR('',#2122,39.3700787401575);
#1283=VECTOR('',#2123,39.3700787401575);
#1284=VECTOR('',#2126,39.3700787401575);
#1285=VECTOR('',#2127,39.3700787401575);
#1286=VECTOR('',#2128,39.3700787401575);
#1287=VECTOR('',#2129,39.3700787401575);
#1288=VECTOR('',#2130,39.3700787401575);
#1289=VECTOR('',#2131,39.3700787401575);
#1290=VECTOR('',#2132,39.3700787401575);
#1291=VECTOR('',#2133,39.3700787401575);
#1292=VECTOR('',#2134,39.3700787401575);
#1293=VECTOR('',#2135,39.3700787401575);
#1294=VECTOR('',#2136,39.3700787401575);
#1295=VECTOR('',#2137,39.3700787401575);
#1296=VECTOR('',#2138,39.3700787401575);
#1297=VECTOR('',#2141,39.3700787401575);
#1298=VECTOR('',#2142,39.3700787401575);
#1299=VECTOR('',#2145,39.3700787401575);
#1300=VECTOR('',#2146,39.3700787401575);
#1301=VECTOR('',#2149,39.3700787401575);
#1302=VECTOR('',#2150,39.3700787401575);
#1303=VECTOR('',#2153,39.3700787401575);
#1304=VECTOR('',#2154,39.3700787401575);
#1305=VECTOR('',#2155,39.3700787401575);
#1306=VECTOR('',#2156,39.3700787401575);
#1307=VECTOR('',#2157,39.3700787401575);
#1308=VECTOR('',#2158,39.3700787401575);
#1309=VECTOR('',#2161,39.3700787401575);
#1310=VECTOR('',#2162,39.3700787401575);
#1311=VECTOR('',#2163,39.3700787401575);
#1312=VECTOR('',#2164,39.3700787401575);
#1313=VECTOR('',#2165,39.3700787401575);
#1314=VECTOR('',#2166,39.3700787401575);
#1315=VECTOR('',#2169,39.3700787401575);
#1316=VECTOR('',#2172,39.3700787401575);
#1317=VECTOR('',#2177,39.3700787401575);
#1318=VECTOR('',#2178,39.3700787401575);
#1319=VECTOR('',#2179,39.3700787401575);
#1320=VECTOR('',#2180,39.3700787401575);
#1321=VECTOR('',#2185,39.3700787401575);
#1322=VECTOR('',#2186,39.3700787401575);
#1323=VECTOR('',#2187,39.3700787401575);
#1324=VECTOR('',#2188,39.3700787401575);
#1325=VECTOR('',#2193,39.3700787401575);
#1326=VECTOR('',#2194,39.3700787401575);
#1327=VECTOR('',#2197,39.3700787401575);
#1328=VECTOR('',#2198,39.3700787401575);
#1329=VECTOR('',#2201,39.3700787401575);
#1330=VECTOR('',#2206,39.3700787401575);
#1331=VECTOR('',#2207,39.3700787401575);
#1332=VECTOR('',#2210,39.3700787401575);
#1333=VECTOR('',#2211,39.3700787401575);
#1334=VECTOR('',#2214,39.3700787401575);
#1335=VECTOR('',#2219,39.3700787401575);
#1336=VECTOR('',#2220,39.3700787401575);
#1337=VECTOR('',#2221,39.3700787401575);
#1338=VECTOR('',#2224,39.3700787401575);
#1339=VECTOR('',#2225,39.3700787401575);
#1340=VECTOR('',#2226,39.3700787401575);
#1341=VECTOR('',#2229,39.3700787401575);
#1342=VECTOR('',#2230,39.3700787401575);
#1343=VECTOR('',#2237,39.3700787401575);
#1344=VECTOR('',#2238,39.3700787401575);
#1345=VECTOR('',#2245,39.3700787401575);
#1346=VECTOR('',#2248,39.3700787401575);
#1347=VECTOR('',#2255,39.3700787401575);
#1348=VECTOR('',#2256,39.3700787401575);
#1349=VECTOR('',#2257,39.3700787401575);
#1350=VECTOR('',#2258,39.3700787401575);
#1351=VECTOR('',#2259,39.3700787401575);
#1352=VECTOR('',#2260,39.3700787401575);
#1353=VECTOR('',#2261,39.3700787401575);
#1354=VECTOR('',#2262,39.3700787401575);
#1355=VECTOR('',#2265,39.3700787401575);
#1356=VECTOR('',#2266,39.3700787401575);
#1357=VECTOR('',#2267,39.3700787401575);
#1358=VECTOR('',#2268,39.3700787401575);
#1359=VECTOR('',#2269,39.3700787401575);
#1360=VECTOR('',#2270,39.3700787401575);
#1361=VECTOR('',#2271,39.3700787401575);
#1362=VECTOR('',#2272,39.3700787401575);
#1363=VECTOR('',#2275,39.3700787401575);
#1364=VECTOR('',#2276,39.3700787401575);
#1365=VECTOR('',#2277,39.3700787401575);
#1366=VECTOR('',#2278,39.3700787401575);
#1367=VECTOR('',#2279,39.3700787401575);
#1368=VECTOR('',#2280,39.3700787401575);
#1369=VECTOR('',#2281,39.3700787401575);
#1370=VECTOR('',#2282,39.3700787401575);
#1371=VECTOR('',#2285,39.3700787401575);
#1372=VECTOR('',#2286,39.3700787401575);
#1373=VECTOR('',#2287,39.3700787401575);
#1374=VECTOR('',#2290,39.3700787401575);
#1375=VECTOR('',#2291,39.3700787401575);
#1376=VECTOR('',#2292,39.3700787401575);
#1377=VECTOR('',#2293,39.3700787401575);
#1378=VECTOR('',#2296,39.3700787401575);
#1379=VECTOR('',#2297,39.3700787401575);
#1380=VECTOR('',#2300,39.3700787401575);
#1381=VECTOR('',#2301,39.3700787401575);
#1382=VECTOR('',#2302,39.3700787401575);
#1383=VECTOR('',#2303,39.3700787401575);
#1384=VECTOR('',#2304,39.3700787401575);
#1385=VECTOR('',#2305,39.3700787401575);
#1386=VECTOR('',#2308,39.3700787401575);
#1387=VECTOR('',#2311,39.3700787401575);
#1388=VECTOR('',#2314,39.3700787401575);
#1389=VECTOR('',#2317,39.3700787401575);
#1390=VECTOR('',#2318,39.3700787401575);
#1391=VECTOR('',#2319,39.3700787401575);
#1392=VECTOR('',#2320,39.3700787401575);
#1393=VECTOR('',#2323,39.3700787401575);
#1394=VECTOR('',#2326,39.3700787401575);
#1395=VECTOR('',#2331,39.3700787401575);
#1396=VECTOR('',#2332,39.3700787401575);
#1397=VECTOR('',#2333,39.3700787401575);
#1398=VECTOR('',#2336,39.3700787401575);
#1399=VECTOR('',#2337,39.3700787401575);
#1400=VECTOR('',#2340,39.3700787401575);
#1401=VECTOR('',#2341,39.3700787401575);
#1402=VECTOR('',#2344,39.3700787401575);
#1403=VECTOR('',#2349,39.3700787401575);
#1404=VECTOR('',#2350,39.3700787401575);
#1405=VECTOR('',#2351,39.3700787401575);
#1406=VECTOR('',#2354,39.3700787401575);
#1407=VECTOR('',#2355,39.3700787401575);
#1408=VECTOR('',#2358,39.3700787401575);
#1409=VECTOR('',#2359,39.3700787401575);
#1410=VECTOR('',#2362,39.3700787401575);
#1411=VECTOR('',#2367,39.3700787401575);
#1412=VECTOR('',#2368,39.3700787401575);
#1413=VECTOR('',#2369,39.3700787401575);
#1414=VECTOR('',#2372,39.3700787401575);
#1415=VECTOR('',#2373,39.3700787401575);
#1416=VECTOR('',#2376,39.3700787401575);
#1417=VECTOR('',#2377,39.3700787401575);
#1418=VECTOR('',#2380,39.3700787401575);
#1419=VECTOR('',#2387,39.3700787401575);
#1420=VECTOR('',#2388,39.3700787401575);
#1421=VECTOR('',#2389,39.3700787401575);
#1422=VECTOR('',#2390,39.3700787401575);
#1423=VECTOR('',#2393,39.3700787401575);
#1424=VECTOR('',#2394,39.3700787401575);
#1425=VECTOR('',#2395,39.3700787401575);
#1426=VECTOR('',#2398,39.3700787401575);
#1427=VECTOR('',#2399,39.3700787401575);
#1428=VECTOR('',#2400,39.3700787401575);
#1429=VECTOR('',#2401,39.3700787401575);
#1430=VECTOR('',#2404,39.3700787401575);
#1431=VECTOR('',#2405,39.3700787401575);
#1432=VECTOR('',#2406,39.3700787401575);
#1433=VECTOR('',#2409,39.3700787401575);
#1434=VECTOR('',#2410,39.3700787401575);
#1435=VECTOR('',#2411,39.3700787401575);
#1436=VECTOR('',#2414,39.3700787401575);
#1437=VECTOR('',#2415,39.3700787401575);
#1438=VECTOR('',#2416,39.3700787401575);
#1439=VECTOR('',#2419,39.3700787401575);
#1440=VECTOR('',#2420,39.3700787401575);
#1441=VECTOR('',#2421,39.3700787401575);
#1442=VECTOR('',#2424,39.3700787401575);
#1443=VECTOR('',#2425,39.3700787401575);
#1444=VECTOR('',#2426,39.3700787401575);
#1445=VECTOR('',#2429,39.3700787401575);
#1446=VECTOR('',#2430,39.3700787401575);
#1447=VECTOR('',#2431,39.3700787401575);
#1448=VECTOR('',#2434,39.3700787401575);
#1449=VECTOR('',#2435,39.3700787401575);
#1450=VECTOR('',#2438,39.3700787401575);
#1451=VECTOR('',#2439,39.3700787401575);
#1452=VECTOR('',#2440,39.3700787401575);
#1453=VECTOR('',#2441,39.3700787401575);
#1454=VECTOR('',#2442,39.3700787401575);
#1455=VECTOR('',#2445,39.3700787401575);
#1456=VECTOR('',#2446,39.3700787401575);
#1457=VECTOR('',#2447,39.3700787401575);
#1458=VECTOR('',#2448,39.3700787401575);
#1459=VECTOR('',#2449,39.3700787401575);
#1460=VECTOR('',#2452,39.3700787401575);
#1461=VECTOR('',#2453,39.3700787401575);
#1462=VECTOR('',#2458,39.3700787401575);
#1463=VECTOR('',#2461,39.3700787401575);
#1464=VECTOR('',#2468,39.3700787401575);
#1465=VECTOR('',#2469,39.3700787401575);
#1466=VECTOR('',#2470,39.3700787401575);
#1467=VECTOR('',#2471,39.3700787401575);
#1468=VECTOR('',#2474,39.3700787401575);
#1469=VECTOR('',#2475,39.3700787401575);
#1470=VECTOR('',#2476,39.3700787401575);
#1471=VECTOR('',#2479,39.3700787401575);
#1472=VECTOR('',#2480,39.3700787401575);
#1473=VECTOR('',#2481,39.3700787401575);
#1474=VECTOR('',#2484,39.3700787401575);
#1475=VECTOR('',#2485,39.3700787401575);
#1476=EDGE_LOOP('',(#49,#50,#51,#52,#53));
#1477=EDGE_LOOP('',(#54,#55,#56,#57,#58));
#1478=EDGE_LOOP('',(#59,#60,#61,#62,#63,#64,#65,#66,#67,#68,#69,#70));
#1479=EDGE_LOOP('',(#71,#72,#73,#74,#75,#76,#77,#78,#79,#80,#81,#82));
#1480=EDGE_LOOP('',(#83,#84,#85,#86));
#1481=EDGE_LOOP('',(#87,#88,#89,#90));
#1482=EDGE_LOOP('',(#91,#92,#93,#94));
#1483=EDGE_LOOP('',(#95,#96,#97,#98));
#1484=EDGE_LOOP('',(#99,#100,#101,#102));
#1485=EDGE_LOOP('',(#103,#104,#105,#106));
#1486=EDGE_LOOP('',(#107,#108,#109,#110,#111,#112,#113,#114,#115,#116,#117,
#118));
#1487=EDGE_LOOP('',(#119,#120,#121,#122));
#1488=EDGE_LOOP('',(#123,#124,#125,#126,#127,#128,#129,#130,#131,#132,#133,
#134));
#1489=EDGE_LOOP('',(#135,#136,#137,#138,#139));
#1490=EDGE_LOOP('',(#140,#141,#142,#143,#144));
#1491=EDGE_LOOP('',(#145,#146,#147,#148));
#1492=EDGE_LOOP('',(#149,#150,#151,#152,#153,#154,#155,#156,#157,#158,#159,
#160));
#1493=EDGE_LOOP('',(#161,#162,#163,#164,#165,#166,#167,#168,#169,#170,#171,
#172));
#1494=EDGE_LOOP('',(#173,#174,#175,#176));
#1495=EDGE_LOOP('',(#177,#178,#179,#180));
#1496=EDGE_LOOP('',(#181,#182,#183,#184));
#1497=EDGE_LOOP('',(#185,#186,#187,#188,#189,#190,#191,#192,#193,#194));
#1498=EDGE_LOOP('',(#195,#196,#197,#198));
#1499=EDGE_LOOP('',(#199,#200,#201,#202,#203,#204,#205,#206,#207,#208));
#1500=EDGE_LOOP('',(#209,#210,#211,#212));
#1501=EDGE_LOOP('',(#213,#214,#215,#216));
#1502=EDGE_LOOP('',(#217,#218,#219,#220));
#1503=EDGE_LOOP('',(#221,#222,#223,#224));
#1504=EDGE_LOOP('',(#225,#226,#227,#228));
#1505=EDGE_LOOP('',(#229,#230,#231,#232));
#1506=EDGE_LOOP('',(#233,#234,#235,#236));
#1507=EDGE_LOOP('',(#237,#238,#239,#240));
#1508=EDGE_LOOP('',(#241,#242,#243,#244));
#1509=EDGE_LOOP('',(#245,#246,#247,#248));
#1510=EDGE_LOOP('',(#249,#250,#251,#252));
#1511=EDGE_LOOP('',(#253,#254,#255,#256));
#1512=EDGE_LOOP('',(#257,#258,#259,#260));
#1513=EDGE_LOOP('',(#261,#262,#263,#264));
#1514=EDGE_LOOP('',(#265,#266,#267,#268));
#1515=EDGE_LOOP('',(#269,#270,#271,#272));
#1516=EDGE_LOOP('',(#273,#274,#275,#276));
#1517=EDGE_LOOP('',(#277,#278,#279,#280));
#1518=EDGE_LOOP('',(#281,#282,#283,#284));
#1519=EDGE_LOOP('',(#285,#286,#287,#288));
#1520=EDGE_LOOP('',(#289,#290,#291,#292));
#1521=EDGE_LOOP('',(#293,#294,#295,#296));
#1522=EDGE_LOOP('',(#297,#298,#299,#300,#301,#302,#303,#304));
#1523=EDGE_LOOP('',(#305,#306,#307,#308,#309,#310,#311,#312));
#1524=EDGE_LOOP('',(#313,#314,#315,#316,#317,#318));
#1525=EDGE_LOOP('',(#319,#320,#321,#322,#323,#324));
#1526=EDGE_LOOP('',(#325,#326,#327,#328));
#1527=EDGE_LOOP('',(#329,#330,#331,#332));
#1528=EDGE_LOOP('',(#333,#334,#335,#336));
#1529=EDGE_LOOP('',(#337,#338,#339,#340));
#1530=EDGE_LOOP('',(#341,#342,#343,#344));
#1531=EDGE_LOOP('',(#345,#346,#347,#348));
#1532=EDGE_LOOP('',(#349,#350,#351,#352));
#1533=EDGE_LOOP('',(#353,#354,#355,#356,#357,#358,#359,#360));
#1534=EDGE_LOOP('',(#361,#362,#363,#364));
#1535=EDGE_LOOP('',(#365,#366,#367,#368));
#1536=EDGE_LOOP('',(#369,#370,#371,#372));
#1537=EDGE_LOOP('',(#373,#374,#375,#376));
#1538=EDGE_LOOP('',(#377,#378,#379,#380));
#1539=EDGE_LOOP('',(#381,#382,#383,#384));
#1540=EDGE_LOOP('',(#385,#386,#387,#388));
#1541=EDGE_LOOP('',(#389,#390,#391,#392));
#1542=EDGE_LOOP('',(#393,#394,#395,#396));
#1543=EDGE_LOOP('',(#397,#398,#399,#400));
#1544=EDGE_LOOP('',(#401,#402,#403,#404));
#1545=EDGE_LOOP('',(#405,#406,#407,#408));
#1546=EDGE_LOOP('',(#409,#410,#411,#412));
#1547=EDGE_LOOP('',(#413,#414,#415,#416));
#1548=EDGE_LOOP('',(#417,#418,#419,#420));
#1549=EDGE_LOOP('',(#421,#422,#423,#424));
#1550=EDGE_LOOP('',(#425,#426,#427,#428));
#1551=EDGE_LOOP('',(#429,#430,#431,#432));
#1552=EDGE_LOOP('',(#433,#434,#435,#436));
#1553=EDGE_LOOP('',(#437,#438,#439,#440));
#1554=EDGE_LOOP('',(#441,#442,#443,#444));
#1555=EDGE_LOOP('',(#445,#446,#447,#448));
#1556=EDGE_LOOP('',(#449,#450,#451,#452));
#1557=EDGE_LOOP('',(#453,#454,#455,#456));
#1558=EDGE_LOOP('',(#457,#458,#459,#460));
#1559=EDGE_LOOP('',(#461,#462,#463,#464));
#1560=EDGE_LOOP('',(#465,#466,#467,#468));
#1561=EDGE_LOOP('',(#469,#470,#471,#472));
#1562=EDGE_LOOP('',(#473,#474,#475,#476,#477,#478,#479,#480,#481,#482,#483,
#484,#485,#486,#487));
#1563=EDGE_LOOP('',(#488,#489,#490,#491,#492,#493,#494,#495,#496,#497,#498,
#499,#500,#501,#502));
#1564=EDGE_LOOP('',(#503,#504,#505,#506));
#1565=EDGE_LOOP('',(#507,#508,#509,#510));
#1566=EDGE_LOOP('',(#511,#512,#513,#514));
#1567=EDGE_LOOP('',(#515,#516,#517,#518));
#1568=EDGE_LOOP('',(#519,#520,#521,#522));
#1569=EDGE_LOOP('',(#523,#524,#525,#526));
#1570=EDGE_LOOP('',(#527,#528,#529,#530));
#1571=EDGE_LOOP('',(#531,#532,#533,#534));
#1572=EDGE_LOOP('',(#535,#536,#537,#538));
#1573=EDGE_LOOP('',(#539));
#1574=EDGE_LOOP('',(#540));
#1575=EDGE_LOOP('',(#541,#542,#543,#544));
#1576=EDGE_LOOP('',(#545,#546,#547,#548));
#1577=EDGE_LOOP('',(#549));
#1578=EDGE_LOOP('',(#550));
#1579=EDGE_LOOP('',(#551));
#1580=EDGE_LOOP('',(#552));
#1581=EDGE_LOOP('',(#553));
#1582=EDGE_LOOP('',(#554));
#1583=FACE_BOUND('',#1476,.T.);
#1584=FACE_BOUND('',#1477,.T.);
#1585=FACE_BOUND('',#1478,.T.);
#1586=FACE_BOUND('',#1479,.T.);
#1587=FACE_BOUND('',#1480,.T.);
#1588=FACE_BOUND('',#1481,.T.);
#1589=FACE_BOUND('',#1482,.T.);
#1590=FACE_BOUND('',#1483,.T.);
#1591=FACE_BOUND('',#1484,.T.);
#1592=FACE_BOUND('',#1485,.T.);
#1593=FACE_BOUND('',#1486,.T.);
#1594=FACE_BOUND('',#1487,.T.);
#1595=FACE_BOUND('',#1488,.T.);
#1596=FACE_BOUND('',#1489,.T.);
#1597=FACE_BOUND('',#1490,.T.);
#1598=FACE_BOUND('',#1491,.T.);
#1599=FACE_BOUND('',#1492,.T.);
#1600=FACE_BOUND('',#1493,.T.);
#1601=FACE_BOUND('',#1494,.T.);
#1602=FACE_BOUND('',#1495,.T.);
#1603=FACE_BOUND('',#1496,.T.);
#1604=FACE_BOUND('',#1497,.T.);
#1605=FACE_BOUND('',#1498,.T.);
#1606=FACE_BOUND('',#1499,.T.);
#1607=FACE_BOUND('',#1500,.T.);
#1608=FACE_BOUND('',#1501,.T.);
#1609=FACE_BOUND('',#1502,.T.);
#1610=FACE_BOUND('',#1503,.T.);
#1611=FACE_BOUND('',#1504,.T.);
#1612=FACE_BOUND('',#1505,.T.);
#1613=FACE_BOUND('',#1506,.T.);
#1614=FACE_BOUND('',#1507,.T.);
#1615=FACE_BOUND('',#1508,.T.);
#1616=FACE_BOUND('',#1509,.T.);
#1617=FACE_BOUND('',#1510,.T.);
#1618=FACE_BOUND('',#1511,.T.);
#1619=FACE_BOUND('',#1512,.T.);
#1620=FACE_BOUND('',#1513,.T.);
#1621=FACE_BOUND('',#1514,.T.);
#1622=FACE_BOUND('',#1515,.T.);
#1623=FACE_BOUND('',#1516,.T.);
#1624=FACE_BOUND('',#1517,.T.);
#1625=FACE_BOUND('',#1518,.T.);
#1626=FACE_BOUND('',#1519,.T.);
#1627=FACE_BOUND('',#1520,.T.);
#1628=FACE_BOUND('',#1521,.T.);
#1629=FACE_BOUND('',#1522,.T.);
#1630=FACE_BOUND('',#1523,.T.);
#1631=FACE_BOUND('',#1524,.T.);
#1632=FACE_BOUND('',#1525,.T.);
#1633=FACE_BOUND('',#1526,.T.);
#1634=FACE_BOUND('',#1527,.T.);
#1635=FACE_BOUND('',#1528,.T.);
#1636=FACE_BOUND('',#1529,.T.);
#1637=FACE_BOUND('',#1530,.T.);
#1638=FACE_BOUND('',#1531,.T.);
#1639=FACE_BOUND('',#1532,.T.);
#1640=FACE_BOUND('',#1533,.T.);
#1641=FACE_BOUND('',#1534,.T.);
#1642=FACE_BOUND('',#1535,.T.);
#1643=FACE_BOUND('',#1536,.T.);
#1644=FACE_BOUND('',#1537,.T.);
#1645=FACE_BOUND('',#1538,.T.);
#1646=FACE_BOUND('',#1539,.T.);
#1647=FACE_BOUND('',#1540,.T.);
#1648=FACE_BOUND('',#1541,.T.);
#1649=FACE_BOUND('',#1542,.T.);
#1650=FACE_BOUND('',#1543,.T.);
#1651=FACE_BOUND('',#1544,.T.);
#1652=FACE_BOUND('',#1545,.T.);
#1653=FACE_BOUND('',#1546,.T.);
#1654=FACE_BOUND('',#1547,.T.);
#1655=FACE_BOUND('',#1548,.T.);
#1656=FACE_BOUND('',#1549,.T.);
#1657=FACE_BOUND('',#1550,.T.);
#1658=FACE_BOUND('',#1551,.T.);
#1659=FACE_BOUND('',#1552,.T.);
#1660=FACE_BOUND('',#1553,.T.);
#1661=FACE_BOUND('',#1554,.T.);
#1662=FACE_BOUND('',#1555,.T.);
#1663=FACE_BOUND('',#1556,.T.);
#1664=FACE_BOUND('',#1557,.T.);
#1665=FACE_BOUND('',#1558,.T.);
#1666=FACE_BOUND('',#1559,.T.);
#1667=FACE_BOUND('',#1560,.T.);
#1668=FACE_BOUND('',#1561,.T.);
#1669=FACE_BOUND('',#1562,.T.);
#1670=FACE_BOUND('',#1563,.T.);
#1671=FACE_BOUND('',#1564,.T.);
#1672=FACE_BOUND('',#1565,.T.);
#1673=FACE_BOUND('',#1566,.T.);
#1674=FACE_BOUND('',#1567,.T.);
#1675=FACE_BOUND('',#1568,.T.);
#1676=FACE_BOUND('',#1569,.T.);
#1677=FACE_BOUND('',#1570,.T.);
#1678=FACE_BOUND('',#1571,.T.);
#1679=FACE_BOUND('',#1572,.T.);
#1680=FACE_BOUND('',#1573,.T.);
#1681=FACE_BOUND('',#1574,.T.);
#1682=FACE_BOUND('',#1575,.T.);
#1683=FACE_BOUND('',#1576,.T.);
#1684=FACE_BOUND('',#1577,.T.);
#1685=FACE_BOUND('',#1578,.T.);
#1686=FACE_BOUND('',#1579,.T.);
#1687=FACE_BOUND('',#1580,.T.);
#1688=FACE_BOUND('',#1581,.T.);
#1689=FACE_BOUND('',#1582,.T.);
#1690=PLANE('',#1936);
#1691=PLANE('',#1937);
#1692=PLANE('',#1938);
#1693=PLANE('',#1939);
#1694=PLANE('',#1940);
#1695=PLANE('',#1941);
#1696=PLANE('',#1942);
#1697=PLANE('',#1943);
#1698=PLANE('',#1944);
#1699=PLANE('',#1945);
#1700=PLANE('',#1946);
#1701=PLANE('',#1947);
#1702=PLANE('',#1948);
#1703=PLANE('',#1949);
#1704=PLANE('',#1950);
#1705=PLANE('',#1951);
#1706=PLANE('',#1952);
#1707=PLANE('',#1953);
#1708=PLANE('',#1954);
#1709=PLANE('',#1955);
#1710=PLANE('',#1956);
#1711=PLANE('',#1957);
#1712=PLANE('',#1958);
#1713=PLANE('',#1959);
#1714=PLANE('',#1960);
#1715=PLANE('',#1961);
#1716=PLANE('',#1962);
#1717=PLANE('',#1963);
#1718=PLANE('',#1964);
#1719=PLANE('',#1965);
#1720=PLANE('',#1966);
#1721=PLANE('',#1967);
#1722=PLANE('',#1968);
#1723=PLANE('',#1969);
#1724=PLANE('',#1970);
#1725=PLANE('',#1971);
#1726=PLANE('',#1972);
#1727=PLANE('',#1973);
#1728=PLANE('',#1974);
#1729=PLANE('',#1975);
#1730=PLANE('',#1976);
#1731=PLANE('',#1977);
#1732=PLANE('',#1978);
#1733=PLANE('',#1980);
#1734=PLANE('',#1981);
#1735=PLANE('',#1982);
#1736=PLANE('',#1983);
#1737=PLANE('',#1984);
#1738=PLANE('',#1985);
#1739=PLANE('',#1986);
#1740=PLANE('',#1987);
#1741=PLANE('',#1988);
#1742=PLANE('',#1989);
#1743=PLANE('',#1990);
#1744=PLANE('',#1991);
#1745=PLANE('',#1992);
#1746=PLANE('',#1993);
#1747=PLANE('',#1994);
#1748=PLANE('',#1995);
#1749=PLANE('',#1996);
#1750=PLANE('',#1997);
#1751=PLANE('',#1998);
#1752=PLANE('',#1999);
#1753=PLANE('',#2000);
#1754=PLANE('',#2001);
#1755=PLANE('',#2002);
#1756=PLANE('',#2003);
#1757=PLANE('',#2004);
#1758=PLANE('',#2005);
#1759=PLANE('',#2006);
#1760=PLANE('',#2007);
#1761=PLANE('',#2008);
#1762=PLANE('',#2010);
#1763=PLANE('',#2011);
#1764=PLANE('',#2012);
#1765=PLANE('',#2013);
#1766=PLANE('',#2014);
#1767=PLANE('',#2015);
#1768=PLANE('',#2016);
#1769=PLANE('',#2017);
#1770=PLANE('',#2018);
#1771=PLANE('',#2019);
#1772=PLANE('',#2020);
#1773=PLANE('',#2021);
#1774=PLANE('',#2022);
#1775=PLANE('',#2023);
#1776=PLANE('',#2024);
#1777=PLANE('',#2025);
#1778=PLANE('',#2026);
#1779=PLANE('',#2028);
#1780=PLANE('',#2029);
#1781=PLANE('',#2030);
#1782=PLANE('',#2031);
#1783=PLANE('',#2032);
#1784=PLANE('',#2035);
#1785=PLANE('',#2038);
#1786=PLANE('',#2041);
#1787=ADVANCED_FACE('',(#1583),#1690,.F.);
#1788=ADVANCED_FACE('',(#1584),#1691,.F.);
#1789=ADVANCED_FACE('',(#1585),#1692,.F.);
#1790=ADVANCED_FACE('',(#1586),#1693,.F.);
#1791=ADVANCED_FACE('',(#1587),#1694,.F.);
#1792=ADVANCED_FACE('',(#1588),#1695,.F.);
#1793=ADVANCED_FACE('',(#1589),#1696,.F.);
#1794=ADVANCED_FACE('',(#1590),#1697,.F.);
#1795=ADVANCED_FACE('',(#1591),#1698,.F.);
#1796=ADVANCED_FACE('',(#1592),#1699,.F.);
#1797=ADVANCED_FACE('',(#1593),#1700,.F.);
#1798=ADVANCED_FACE('',(#1594,#1595),#1701,.F.);
#1799=ADVANCED_FACE('',(#1596),#1702,.F.);
#1800=ADVANCED_FACE('',(#1597),#1703,.F.);
#1801=ADVANCED_FACE('',(#1598),#1704,.T.);
#1802=ADVANCED_FACE('',(#1599),#1705,.T.);
#1803=ADVANCED_FACE('',(#1600),#1706,.T.);
#1804=ADVANCED_FACE('',(#1601),#1707,.T.);
#1805=ADVANCED_FACE('',(#1602),#1708,.T.);
#1806=ADVANCED_FACE('',(#1603),#1709,.F.);
#1807=ADVANCED_FACE('',(#1604),#1710,.T.);
#1808=ADVANCED_FACE('',(#1605),#1711,.F.);
#1809=ADVANCED_FACE('',(#1606),#1712,.T.);
#1810=ADVANCED_FACE('',(#1607),#1713,.F.);
#1811=ADVANCED_FACE('',(#1608),#1714,.T.);
#1812=ADVANCED_FACE('',(#1609),#1715,.T.);
#1813=ADVANCED_FACE('',(#1610),#1716,.T.);
#1814=ADVANCED_FACE('',(#1611),#1717,.T.);
#1815=ADVANCED_FACE('',(#1612),#1718,.T.);
#1816=ADVANCED_FACE('',(#1613),#1719,.T.);
#1817=ADVANCED_FACE('',(#1614),#1720,.T.);
#1818=ADVANCED_FACE('',(#1615),#1721,.F.);
#1819=ADVANCED_FACE('',(#1616),#1722,.T.);
#1820=ADVANCED_FACE('',(#1617),#1723,.T.);
#1821=ADVANCED_FACE('',(#1618),#1724,.T.);
#1822=ADVANCED_FACE('',(#1619),#1725,.T.);
#1823=ADVANCED_FACE('',(#1620),#1726,.F.);
#1824=ADVANCED_FACE('',(#1621),#1727,.F.);
#1825=ADVANCED_FACE('',(#1622),#1728,.F.);
#1826=ADVANCED_FACE('',(#1623),#1729,.F.);
#1827=ADVANCED_FACE('',(#1624),#1730,.F.);
#1828=ADVANCED_FACE('',(#1625),#1731,.F.);
#1829=ADVANCED_FACE('',(#1626),#1732,.F.);
#1830=ADVANCED_FACE('',(#1627,#1628),#1733,.F.);
#1831=ADVANCED_FACE('',(#1629),#1734,.F.);
#1832=ADVANCED_FACE('',(#1630),#1735,.F.);
#1833=ADVANCED_FACE('',(#1631),#1736,.F.);
#1834=ADVANCED_FACE('',(#1632),#1737,.F.);
#1835=ADVANCED_FACE('',(#1633),#1738,.F.);
#1836=ADVANCED_FACE('',(#1634,#1635),#1739,.F.);
#1837=ADVANCED_FACE('',(#1636),#1740,.F.);
#1838=ADVANCED_FACE('',(#1637),#1741,.F.);
#1839=ADVANCED_FACE('',(#1638),#1742,.F.);
#1840=ADVANCED_FACE('',(#1639,#1640),#1743,.T.);
#1841=ADVANCED_FACE('',(#1641),#1744,.T.);
#1842=ADVANCED_FACE('',(#1642),#1745,.T.);
#1843=ADVANCED_FACE('',(#1643),#1746,.F.);
#1844=ADVANCED_FACE('',(#1644),#1747,.F.);
#1845=ADVANCED_FACE('',(#1645),#1748,.F.);
#1846=ADVANCED_FACE('',(#1646),#1749,.F.);
#1847=ADVANCED_FACE('',(#1647),#1750,.F.);
#1848=ADVANCED_FACE('',(#1648),#1751,.T.);
#1849=ADVANCED_FACE('',(#1649),#1752,.T.);
#1850=ADVANCED_FACE('',(#1650),#1753,.T.);
#1851=ADVANCED_FACE('',(#1651),#1754,.T.);
#1852=ADVANCED_FACE('',(#1652),#1755,.T.);
#1853=ADVANCED_FACE('',(#1653),#1756,.F.);
#1854=ADVANCED_FACE('',(#1654),#1757,.F.);
#1855=ADVANCED_FACE('',(#1655),#1758,.F.);
#1856=ADVANCED_FACE('',(#1656),#1759,.F.);
#1857=ADVANCED_FACE('',(#1657),#1760,.F.);
#1858=ADVANCED_FACE('',(#1658),#1761,.T.);
#1859=ADVANCED_FACE('',(#1659),#1762,.F.);
#1860=ADVANCED_FACE('',(#1660),#1763,.F.);
#1861=ADVANCED_FACE('',(#1661),#1764,.F.);
#1862=ADVANCED_FACE('',(#1662),#1765,.F.);
#1863=ADVANCED_FACE('',(#1663),#1766,.F.);
#1864=ADVANCED_FACE('',(#1664),#1767,.F.);
#1865=ADVANCED_FACE('',(#1665),#1768,.F.);
#1866=ADVANCED_FACE('',(#1666),#1769,.F.);
#1867=ADVANCED_FACE('',(#1667),#1770,.F.);
#1868=ADVANCED_FACE('',(#1668),#1771,.F.);
#1869=ADVANCED_FACE('',(#1669),#1772,.F.);
#1870=ADVANCED_FACE('',(#1670),#1773,.T.);
#1871=ADVANCED_FACE('',(#1671),#1774,.T.);
#1872=ADVANCED_FACE('',(#1672),#1775,.F.);
#1873=ADVANCED_FACE('',(#1673),#1776,.T.);
#1874=ADVANCED_FACE('',(#1674),#1777,.F.);
#1875=ADVANCED_FACE('',(#1675),#1778,.T.);
#1876=ADVANCED_FACE('',(#1676),#1779,.T.);
#1877=ADVANCED_FACE('',(#1677),#1780,.T.);
#1878=ADVANCED_FACE('',(#1678),#1781,.T.);
#1879=ADVANCED_FACE('',(#1679),#1782,.T.);
#1880=ADVANCED_FACE('',(#1680,#1681,#1682),#1783,.F.);
#1881=ADVANCED_FACE('',(#1683),#1784,.T.);
#1882=ADVANCED_FACE('',(#1684,#1685),#18,.T.);
#1883=ADVANCED_FACE('',(#1686),#1785,.F.);
#1884=ADVANCED_FACE('',(#1687,#1688),#19,.T.);
#1885=ADVANCED_FACE('',(#1689),#1786,.F.);
#1886=CLOSED_SHELL('',(#1787,#1788,#1789,#1790,#1791,#1792,#1793,#1794,
#1795,#1796,#1797,#1798,#1799,#1800,#1801,#1802,#1803,#1804,#1805,#1806,
#1807,#1808,#1809,#1810,#1811,#1812,#1813,#1814,#1815,#1816,#1817,#1818,
#1819,#1820,#1821,#1822,#1823,#1824,#1825,#1826,#1827,#1828,#1829));
#1887=CLOSED_SHELL('',(#1830,#1831,#1832,#1833,#1834,#1835,#1836,#1837,
#1838,#1839,#1840,#1841,#1842,#1843,#1844,#1845,#1846,#1847,#1848,#1849,
#1850,#1851,#1852,#1853,#1854,#1855,#1856,#1857,#1858));
#1888=CLOSED_SHELL('',(#1859,#1860,#1861,#1862,#1863,#1864,#1865,#1866,
#1867,#1868,#1869,#1870,#1871,#1872,#1873,#1874,#1875));
#1889=CLOSED_SHELL('',(#1876,#1877,#1878,#1879,#1880,#1881,#1882,#1883,
#1884,#1885));
#1890=STYLED_ITEM('',(#1894),#1921);
#1891=STYLED_ITEM('',(#1895),#1922);
#1892=STYLED_ITEM('',(#1896),#1923);
#1893=STYLED_ITEM('',(#1897),#1924);
#1894=PRESENTATION_STYLE_ASSIGNMENT((#1898));
#1895=PRESENTATION_STYLE_ASSIGNMENT((#1899));
#1896=PRESENTATION_STYLE_ASSIGNMENT((#1900));
#1897=PRESENTATION_STYLE_ASSIGNMENT((#1901));
#1898=SURFACE_STYLE_USAGE(.BOTH.,#1902);
#1899=SURFACE_STYLE_USAGE(.BOTH.,#1903);
#1900=SURFACE_STYLE_USAGE(.BOTH.,#1904);
#1901=SURFACE_STYLE_USAGE(.BOTH.,#1905);
#1902=SURFACE_SIDE_STYLE('',(#1906));
#1903=SURFACE_SIDE_STYLE('',(#1907));
#1904=SURFACE_SIDE_STYLE('',(#1908));
#1905=SURFACE_SIDE_STYLE('',(#1909));
#1906=SURFACE_STYLE_FILL_AREA(#1910);
#1907=SURFACE_STYLE_FILL_AREA(#1911);
#1908=SURFACE_STYLE_FILL_AREA(#1912);
#1909=SURFACE_STYLE_FILL_AREA(#1913);
#1910=FILL_AREA_STYLE('',(#1914));
#1911=FILL_AREA_STYLE('',(#1915));
#1912=FILL_AREA_STYLE('',(#1916));
#1913=FILL_AREA_STYLE('',(#1917));
#1914=FILL_AREA_STYLE_COLOUR('',#1918);
#1915=FILL_AREA_STYLE_COLOUR('',#24);
#1916=FILL_AREA_STYLE_COLOUR('',#1919);
#1917=FILL_AREA_STYLE_COLOUR('',#1920);
#1918=COLOUR_RGB('',0.5,0.5,0.5);
#1919=COLOUR_RGB('',0.501960813999176,0.501960813999176,0.501960813999176);
#1920=COLOUR_RGB('',1.,0.839999973773956,0.);
#1921=MANIFOLD_SOLID_BREP('AS11CPbody12',#1886);
#1922=MANIFOLD_SOLID_BREP('AS11CPbody1',#1887);
#1923=MANIFOLD_SOLID_BREP('AS11CPclong',#1888);
#1924=MANIFOLD_SOLID_BREP('AS11CPp',#1889);
#1925=SHAPE_DEFINITION_REPRESENTATION(#3052,#1930);
#1926=SHAPE_DEFINITION_REPRESENTATION(#3053,#1931);
#1927=SHAPE_DEFINITION_REPRESENTATION(#3055,#1932);
#1928=SHAPE_DEFINITION_REPRESENTATION(#3057,#1933);
#1929=SHAPE_DEFINITION_REPRESENTATION(#3059,#1934);
#1930=SHAPE_REPRESENTATION('AS11CP',(#1935,#1979,#2009,#2027,#2042),#3036);
#1931=SHAPE_REPRESENTATION('AS11CPbody12',(#1935),#3037);
#1932=SHAPE_REPRESENTATION('AS11CPbody1',(#1935),#3038);
#1933=SHAPE_REPRESENTATION('AS11CPclong',(#1935),#3039);
#1934=SHAPE_REPRESENTATION('AS11CPp',(#1935),#3040);
#1935=AXIS2_PLACEMENT_3D('',#2508,#2043,#2044);
#1936=AXIS2_PLACEMENT_3D('',#2509,#2045,#2046);
#1937=AXIS2_PLACEMENT_3D('',#2520,#2052,#2053);
#1938=AXIS2_PLACEMENT_3D('',#2531,#2059,#2060);
#1939=AXIS2_PLACEMENT_3D('',#2553,#2072,#2073);
#1940=AXIS2_PLACEMENT_3D('',#2575,#2085,#2086);
#1941=AXIS2_PLACEMENT_3D('',#2581,#2090,#2091);
#1942=AXIS2_PLACEMENT_3D('',#2585,#2094,#2095);
#1943=AXIS2_PLACEMENT_3D('',#2589,#2098,#2099);
#1944=AXIS2_PLACEMENT_3D('',#2595,#2103,#2104);
#1945=AXIS2_PLACEMENT_3D('',#2604,#2109,#2110);
#1946=AXIS2_PLACEMENT_3D('',#2613,#2115,#2116);
#1947=AXIS2_PLACEMENT_3D('',#2625,#2124,#2125);
#1948=AXIS2_PLACEMENT_3D('',#2649,#2139,#2140);
#1949=AXIS2_PLACEMENT_3D('',#2653,#2143,#2144);
#1950=AXIS2_PLACEMENT_3D('',#2657,#2147,#2148);
#1951=AXIS2_PLACEMENT_3D('',#2660,#2151,#2152);
#1952=AXIS2_PLACEMENT_3D('',#2671,#2159,#2160);
#1953=AXIS2_PLACEMENT_3D('',#2682,#2167,#2168);
#1954=AXIS2_PLACEMENT_3D('',#2684,#2170,#2171);
#1955=AXIS2_PLACEMENT_3D('',#2686,#2173,#2174);
#1956=AXIS2_PLACEMENT_3D('',#2687,#2175,#2176);
#1957=AXIS2_PLACEMENT_3D('',#2694,#2181,#2182);
#1958=AXIS2_PLACEMENT_3D('',#2695,#2183,#2184);
#1959=AXIS2_PLACEMENT_3D('',#2702,#2189,#2190);
#1960=AXIS2_PLACEMENT_3D('',#2703,#2191,#2192);
#1961=AXIS2_PLACEMENT_3D('',#2707,#2195,#2196);
#1962=AXIS2_PLACEMENT_3D('',#2711,#2199,#2200);
#1963=AXIS2_PLACEMENT_3D('',#2713,#2202,#2203);
#1964=AXIS2_PLACEMENT_3D('',#2714,#2204,#2205);
#1965=AXIS2_PLACEMENT_3D('',#2718,#2208,#2209);
#1966=AXIS2_PLACEMENT_3D('',#2722,#2212,#2213);
#1967=AXIS2_PLACEMENT_3D('',#2724,#2215,#2216);
#1968=AXIS2_PLACEMENT_3D('',#2725,#2217,#2218);
#1969=AXIS2_PLACEMENT_3D('',#2731,#2222,#2223);
#1970=AXIS2_PLACEMENT_3D('',#2737,#2227,#2228);
#1971=AXIS2_PLACEMENT_3D('',#2740,#2231,#2232);
#1972=AXIS2_PLACEMENT_3D('',#2741,#2233,#2234);
#1973=AXIS2_PLACEMENT_3D('',#2742,#2235,#2236);
#1974=AXIS2_PLACEMENT_3D('',#2745,#2239,#2240);
#1975=AXIS2_PLACEMENT_3D('',#2746,#2241,#2242);
#1976=AXIS2_PLACEMENT_3D('',#2747,#2243,#2244);
#1977=AXIS2_PLACEMENT_3D('',#2749,#2246,#2247);
#1978=AXIS2_PLACEMENT_3D('',#2751,#2249,#2250);
#1979=AXIS2_PLACEMENT_3D('',#2752,#2251,#2252);
#1980=AXIS2_PLACEMENT_3D('',#2753,#2253,#2254);
#1981=AXIS2_PLACEMENT_3D('',#2770,#2263,#2264);
#1982=AXIS2_PLACEMENT_3D('',#2787,#2273,#2274);
#1983=AXIS2_PLACEMENT_3D('',#2804,#2283,#2284);
#1984=AXIS2_PLACEMENT_3D('',#2808,#2288,#2289);
#1985=AXIS2_PLACEMENT_3D('',#2815,#2294,#2295);
#1986=AXIS2_PLACEMENT_3D('',#2819,#2298,#2299);
#1987=AXIS2_PLACEMENT_3D('',#2831,#2306,#2307);
#1988=AXIS2_PLACEMENT_3D('',#2833,#2309,#2310);
#1989=AXIS2_PLACEMENT_3D('',#2835,#2312,#2313);
#1990=AXIS2_PLACEMENT_3D('',#2837,#2315,#2316);
#1991=AXIS2_PLACEMENT_3D('',#2846,#2321,#2322);
#1992=AXIS2_PLACEMENT_3D('',#2848,#2324,#2325);
#1993=AXIS2_PLACEMENT_3D('',#2850,#2327,#2328);
#1994=AXIS2_PLACEMENT_3D('',#2851,#2329,#2330);
#1995=AXIS2_PLACEMENT_3D('',#2857,#2334,#2335);
#1996=AXIS2_PLACEMENT_3D('',#2861,#2338,#2339);
#1997=AXIS2_PLACEMENT_3D('',#2865,#2342,#2343);
#1998=AXIS2_PLACEMENT_3D('',#2867,#2345,#2346);
#1999=AXIS2_PLACEMENT_3D('',#2868,#2347,#2348);
#2000=AXIS2_PLACEMENT_3D('',#2874,#2352,#2353);
#2001=AXIS2_PLACEMENT_3D('',#2878,#2356,#2357);
#2002=AXIS2_PLACEMENT_3D('',#2882,#2360,#2361);
#2003=AXIS2_PLACEMENT_3D('',#2884,#2363,#2364);
#2004=AXIS2_PLACEMENT_3D('',#2885,#2365,#2366);
#2005=AXIS2_PLACEMENT_3D('',#2891,#2370,#2371);
#2006=AXIS2_PLACEMENT_3D('',#2895,#2374,#2375);
#2007=AXIS2_PLACEMENT_3D('',#2899,#2378,#2379);
#2008=AXIS2_PLACEMENT_3D('',#2901,#2381,#2382);
#2009=AXIS2_PLACEMENT_3D('',#2902,#2383,#2384);
#2010=AXIS2_PLACEMENT_3D('',#2903,#2385,#2386);
#2011=AXIS2_PLACEMENT_3D('',#2912,#2391,#2392);
#2012=AXIS2_PLACEMENT_3D('',#2918,#2396,#2397);
#2013=AXIS2_PLACEMENT_3D('',#2927,#2402,#2403);
#2014=AXIS2_PLACEMENT_3D('',#2933,#2407,#2408);
#2015=AXIS2_PLACEMENT_3D('',#2939,#2412,#2413);
#2016=AXIS2_PLACEMENT_3D('',#2945,#2417,#2418);
#2017=AXIS2_PLACEMENT_3D('',#2951,#2422,#2423);
#2018=AXIS2_PLACEMENT_3D('',#2957,#2427,#2428);
#2019=AXIS2_PLACEMENT_3D('',#2963,#2432,#2433);
#2020=AXIS2_PLACEMENT_3D('',#2966,#2436,#2437);
#2021=AXIS2_PLACEMENT_3D('',#2976,#2443,#2444);
#2022=AXIS2_PLACEMENT_3D('',#2986,#2450,#2451);
#2023=AXIS2_PLACEMENT_3D('',#2989,#2454,#2455);
#2024=AXIS2_PLACEMENT_3D('',#2990,#2456,#2457);
#2025=AXIS2_PLACEMENT_3D('',#2992,#2459,#2460);
#2026=AXIS2_PLACEMENT_3D('',#2994,#2462,#2463);
#2027=AXIS2_PLACEMENT_3D('',#2995,#2464,#2465);
#2028=AXIS2_PLACEMENT_3D('',#2996,#2466,#2467);
#2029=AXIS2_PLACEMENT_3D('',#3005,#2472,#2473);
#2030=AXIS2_PLACEMENT_3D('',#3011,#2477,#2478);
#2031=AXIS2_PLACEMENT_3D('',#3017,#2482,#2483);
#2032=AXIS2_PLACEMENT_3D('',#3020,#2486,#2487);
#2033=AXIS2_PLACEMENT_3D('',#3021,#2488,#2489);
#2034=AXIS2_PLACEMENT_3D('',#3023,#2490,#2491);
#2035=AXIS2_PLACEMENT_3D('',#3025,#2492,#2493);
#2036=AXIS2_PLACEMENT_3D('',#3026,#2494,#2495);
#2037=AXIS2_PLACEMENT_3D('',#3027,#2496,#2497);
#2038=AXIS2_PLACEMENT_3D('',#3029,#2498,#2499);
#2039=AXIS2_PLACEMENT_3D('',#3030,#2500,#2501);
#2040=AXIS2_PLACEMENT_3D('',#3031,#2502,#2503);
#2041=AXIS2_PLACEMENT_3D('',#3033,#2504,#2505);
#2042=AXIS2_PLACEMENT_3D('',#3034,#2506,#2507);
#2043=DIRECTION('',(0.,0.,1.));
#2044=DIRECTION('',(1.,0.,0.));
#2045=DIRECTION('',(0.,1.,0.));
#2046=DIRECTION('',(0.,0.,1.));
#2047=DIRECTION('',(-1.,0.,0.));
#2048=DIRECTION('',(0.,0.,1.));
#2049=DIRECTION('',(-1.,0.,0.));
#2050=DIRECTION('',(0.,0.,1.));
#2051=DIRECTION('',(-0.70710678118655,0.,0.707106781186545));
#2052=DIRECTION('',(0.,1.,0.));
#2053=DIRECTION('',(0.,0.,1.));
#2054=DIRECTION('',(1.,0.,0.));
#2055=DIRECTION('',(0.,0.,1.));
#2056=DIRECTION('',(1.,0.,0.));
#2057=DIRECTION('',(0.70710678118655,0.,0.707106781186545));
#2058=DIRECTION('',(0.,0.,1.));
#2059=DIRECTION('',(0.,0.,1.));
#2060=DIRECTION('',(1.,0.,0.));
#2061=DIRECTION('',(-1.,0.,0.));
#2062=DIRECTION('',(-0.435560928104281,-0.900159251415513,0.));
#2063=DIRECTION('',(0.,-1.,0.));
#2064=DIRECTION('',(-1.,0.,0.));
#2065=DIRECTION('',(0.,1.,0.));
#2066=DIRECTION('',(1.,0.,0.));
#2067=DIRECTION('',(0.,1.,0.));
#2068=DIRECTION('',(-1.,0.,0.));
#2069=DIRECTION('',(0.,-1.,0.));
#2070=DIRECTION('',(-1.,0.,0.));
#2071=DIRECTION('',(-0.435560928104281,0.900159251415513,0.));
#2072=DIRECTION('',(0.,0.,-1.));
#2073=DIRECTION('',(-1.,0.,0.));
#2074=DIRECTION('',(-0.435560928104281,-0.900159251415513,0.));
#2075=DIRECTION('',(-1.,0.,0.));
#2076=DIRECTION('',(-0.435560928104281,0.900159251415513,0.));
#2077=DIRECTION('',(1.,0.,0.));
#2078=DIRECTION('',(0.,-1.,0.));
#2079=DIRECTION('',(1.,0.,0.));
#2080=DIRECTION('',(0.,1.,0.));
#2081=DIRECTION('',(-1.,0.,0.));
#2082=DIRECTION('',(0.,1.,0.));
#2083=DIRECTION('',(1.,0.,0.));
#2084=DIRECTION('',(0.,-1.,0.));
#2085=DIRECTION('',(-0.707106781186545,0.,0.70710678118655));
#2086=DIRECTION('',(0.70710678118655,0.,0.707106781186545));
#2087=DIRECTION('',(-0.70710678118655,0.,-0.707106781186545));
#2088=DIRECTION('',(0.,-1.,0.));
#2089=DIRECTION('',(-0.70710678118655,0.,-0.707106781186545));
#2090=DIRECTION('',(0.707106781186545,0.,0.70710678118655));
#2091=DIRECTION('',(0.70710678118655,0.,-0.707106781186545));
#2092=DIRECTION('',(-0.70710678118655,0.,0.707106781186545));
#2093=DIRECTION('',(0.,-1.,0.));
#2094=DIRECTION('',(0.707106781186545,0.,-0.70710678118655));
#2095=DIRECTION('',(-0.70710678118655,0.,-0.707106781186545));
#2096=DIRECTION('',(0.70710678118655,0.,0.707106781186545));
#2097=DIRECTION('',(0.,-1.,0.));
#2098=DIRECTION('',(-0.707106781186545,0.,-0.70710678118655));
#2099=DIRECTION('',(-0.70710678118655,0.,0.707106781186545));
#2100=DIRECTION('',(0.70710678118655,0.,-0.707106781186545));
#2101=DIRECTION('',(0.70710678118655,0.,-0.707106781186545));
#2102=DIRECTION('',(0.,-1.,0.));
#2103=DIRECTION('',(0.,1.,0.));
#2104=DIRECTION('',(0.,0.,1.));
#2105=DIRECTION('',(0.,0.,1.));
#2106=DIRECTION('',(1.,0.,0.));
#2107=DIRECTION('',(0.,0.,1.));
#2108=DIRECTION('',(-1.,0.,0.));
#2109=DIRECTION('',(0.,1.,0.));
#2110=DIRECTION('',(0.,0.,1.));
#2111=DIRECTION('',(0.,0.,-1.));
#2112=DIRECTION('',(-1.,0.,0.));
#2113=DIRECTION('',(0.,0.,-1.));
#2114=DIRECTION('',(1.,0.,0.));
#2115=DIRECTION('',(1.,0.,0.));
#2116=DIRECTION('',(0.,0.,-1.));
#2117=DIRECTION('',(0.,0.,1.));
#2118=DIRECTION('',(0.,1.,0.));
#2119=DIRECTION('',(0.,0.,1.));
#2120=DIRECTION('',(0.,-1.,0.));
#2121=DIRECTION('',(0.,-1.,0.));
#2122=DIRECTION('',(0.,0.,1.));
#2123=DIRECTION('',(0.,1.,0.));
#2124=DIRECTION('',(-1.,0.,0.));
#2125=DIRECTION('',(0.,0.,1.));
#2126=DIRECTION('',(0.,1.,0.));
#2127=DIRECTION('',(0.,0.,1.));
#2128=DIRECTION('',(0.,1.,0.));
#2129=DIRECTION('',(0.,0.,1.));
#2130=DIRECTION('',(0.,0.,-1.));
#2131=DIRECTION('',(0.,1.,0.));
#2132=DIRECTION('',(0.,0.,-1.));
#2133=DIRECTION('',(0.,1.,0.));
#2134=DIRECTION('',(0.,0.,-1.));
#2135=DIRECTION('',(0.,0.,-1.));
#2136=DIRECTION('',(0.,-1.,0.));
#2137=DIRECTION('',(0.,-1.,0.));
#2138=DIRECTION('',(0.,0.,-1.));
#2139=DIRECTION('',(0.,1.,0.));
#2140=DIRECTION('',(0.,0.,1.));
#2141=DIRECTION('',(-1.,0.,0.));
#2142=DIRECTION('',(0.,0.,1.));
#2143=DIRECTION('',(0.,1.,0.));
#2144=DIRECTION('',(0.,0.,1.));
#2145=DIRECTION('',(0.,0.,1.));
#2146=DIRECTION('',(1.,0.,0.));
#2147=DIRECTION('',(0.,1.,0.));
#2148=DIRECTION('',(0.,0.,1.));
#2149=DIRECTION('',(1.,0.,0.));
#2150=DIRECTION('',(-1.,0.,0.));
#2151=DIRECTION('',(0.,0.,1.));
#2152=DIRECTION('',(1.,0.,0.));
#2153=DIRECTION('',(-0.435560928104281,-0.900159251415514,0.));
#2154=DIRECTION('',(-1.,0.,0.));
#2155=DIRECTION('',(-0.435560928104281,0.900159251415514,0.));
#2156=DIRECTION('',(0.,-1.,0.));
#2157=DIRECTION('',(-1.,0.,0.));
#2158=DIRECTION('',(0.,-1.,0.));
#2159=DIRECTION('',(0.,0.,-1.));
#2160=DIRECTION('',(-1.,0.,0.));
#2161=DIRECTION('',(0.435560928104281,0.900159251415514,0.));
#2162=DIRECTION('',(0.,-1.,0.));
#2163=DIRECTION('',(1.,0.,0.));
#2164=DIRECTION('',(0.,-1.,0.));
#2165=DIRECTION('',(0.435560928104281,-0.900159251415514,0.));
#2166=DIRECTION('',(1.,0.,0.));
#2167=DIRECTION('',(1.,0.,0.));
#2168=DIRECTION('',(0.,0.,-1.));
#2169=DIRECTION('',(0.,0.,1.));
#2170=DIRECTION('',(-1.,0.,0.));
#2171=DIRECTION('',(0.,0.,1.));
#2172=DIRECTION('',(0.,0.,-1.));
#2173=DIRECTION('',(0.,1.,0.));
#2174=DIRECTION('',(0.,0.,1.));
#2175=DIRECTION('',(0.,1.,0.));
#2176=DIRECTION('',(0.,0.,1.));
#2177=DIRECTION('',(0.683941128881329,0.,0.729537204140085));
#2178=DIRECTION('',(1.,0.,0.));
#2179=DIRECTION('',(0.,0.,-1.));
#2180=DIRECTION('',(-1.,0.,0.));
#2181=DIRECTION('',(0.,0.,-1.));
#2182=DIRECTION('',(-1.,0.,0.));
#2183=DIRECTION('',(0.,1.,0.));
#2184=DIRECTION('',(0.,0.,1.));
#2185=DIRECTION('',(0.,0.,-1.));
#2186=DIRECTION('',(-1.,0.,0.));
#2187=DIRECTION('',(-0.683941128881357,0.,0.72953720414006));
#2188=DIRECTION('',(1.,0.,0.));
#2189=DIRECTION('',(0.,0.,1.));
#2190=DIRECTION('',(1.,0.,0.));
#2191=DIRECTION('',(-0.729537204140086,0.,0.683941128881329));
#2192=DIRECTION('',(0.683941128881329,0.,0.729537204140086));
#2193=DIRECTION('',(0.683941128881329,0.,0.729537204140085));
#2194=DIRECTION('',(0.,1.,0.));
#2195=DIRECTION('',(0.,0.,1.));
#2196=DIRECTION('',(1.,0.,0.));
#2197=DIRECTION('',(1.,0.,0.));
#2198=DIRECTION('',(0.,1.,0.));
#2199=DIRECTION('',(1.,0.,0.));
#2200=DIRECTION('',(0.,0.,-1.));
#2201=DIRECTION('',(0.,0.,-1.));
#2202=DIRECTION('',(0.,-1.,0.));
#2203=DIRECTION('',(0.,0.,-1.));
#2204=DIRECTION('',(-0.72953720414006,0.,-0.683941128881357));
#2205=DIRECTION('',(-0.683941128881357,0.,0.72953720414006));
#2206=DIRECTION('',(0.,1.,0.));
#2207=DIRECTION('',(-0.683941128881357,0.,0.72953720414006));
#2208=DIRECTION('',(1.,0.,0.));
#2209=DIRECTION('',(0.,0.,-1.));
#2210=DIRECTION('',(0.,0.,-1.));
#2211=DIRECTION('',(0.,1.,0.));
#2212=DIRECTION('',(0.,0.,-1.));
#2213=DIRECTION('',(-1.,0.,0.));
#2214=DIRECTION('',(-1.,0.,0.));
#2215=DIRECTION('',(0.,1.,0.));
#2216=DIRECTION('',(0.,0.,1.));
#2217=DIRECTION('',(0.675724628517346,0.,0.737154140200742));
#2218=DIRECTION('',(0.737154140200742,0.,-0.675724628517346));
#2219=DIRECTION('',(0.737154140200742,0.,-0.675724628517346));
#2220=DIRECTION('',(0.737154140200742,0.,-0.675724628517346));
#2221=DIRECTION('',(0.,1.,0.));
#2222=DIRECTION('',(1.,0.,0.));
#2223=DIRECTION('',(0.,0.,-1.));
#2224=DIRECTION('',(0.,0.,-1.));
#2225=DIRECTION('',(0.,0.,-1.));
#2226=DIRECTION('',(0.,1.,0.));
#2227=DIRECTION('',(0.,0.,-1.));
#2228=DIRECTION('',(-1.,0.,0.));
#2229=DIRECTION('',(-1.,0.,0.));
#2230=DIRECTION('',(-1.,0.,0.));
#2231=DIRECTION('',(0.,-1.,0.));
#2232=DIRECTION('',(0.,0.,-1.));
#2233=DIRECTION('',(0.,-1.,0.));
#2234=DIRECTION('',(0.,0.,-1.));
#2235=DIRECTION('',(0.,1.,0.));
#2236=DIRECTION('',(0.,0.,1.));
#2237=DIRECTION('',(0.,0.,1.));
#2238=DIRECTION('',(0.,0.,1.));
#2239=DIRECTION('',(0.900159251415514,0.435560928104281,0.));
#2240=DIRECTION('',(-0.435560928104281,0.900159251415514,0.));
#2241=DIRECTION('',(-0.900159251415514,0.435560928104281,0.));
#2242=DIRECTION('',(-0.435560928104281,-0.900159251415514,0.));
#2243=DIRECTION('',(-0.900159251415514,0.435560928104281,0.));
#2244=DIRECTION('',(-0.435560928104281,-0.900159251415514,0.));
#2245=DIRECTION('',(0.,0.,1.));
#2246=DIRECTION('',(0.900159251415514,0.435560928104281,0.));
#2247=DIRECTION('',(-0.435560928104281,0.900159251415514,0.));
#2248=DIRECTION('',(0.,0.,1.));
#2249=DIRECTION('',(0.,1.,0.));
#2250=DIRECTION('',(0.,0.,1.));
#2251=DIRECTION('',(0.,0.,1.));
#2252=DIRECTION('',(1.,0.,0.));
#2253=DIRECTION('',(0.,0.,1.));
#2254=DIRECTION('',(1.,0.,0.));
#2255=DIRECTION('',(-1.,0.,0.));
#2256=DIRECTION('',(0.,-1.,0.));
#2257=DIRECTION('',(-1.,0.,0.));
#2258=DIRECTION('',(0.,-1.,0.));
#2259=DIRECTION('',(0.,-1.,0.));
#2260=DIRECTION('',(1.,0.,0.));
#2261=DIRECTION('',(0.,1.,0.));
#2262=DIRECTION('',(-1.,0.,0.));
#2263=DIRECTION('',(1.,0.,0.));
#2264=DIRECTION('',(0.,0.,-1.));
#2265=DIRECTION('',(0.,-1.,0.));
#2266=DIRECTION('',(0.,0.,1.));
#2267=DIRECTION('',(0.,-1.,0.));
#2268=DIRECTION('',(0.,0.,1.));
#2269=DIRECTION('',(0.,-1.,0.));
#2270=DIRECTION('',(0.,0.,1.));
#2271=DIRECTION('',(0.,-1.,0.));
#2272=DIRECTION('',(0.,0.,1.));
#2273=DIRECTION('',(-1.,0.,0.));
#2274=DIRECTION('',(0.,0.,1.));
#2275=DIRECTION('',(0.,-1.,0.));
#2276=DIRECTION('',(0.,0.,-1.));
#2277=DIRECTION('',(0.,-1.,0.));
#2278=DIRECTION('',(0.,0.,-1.));
#2279=DIRECTION('',(0.,-1.,0.));
#2280=DIRECTION('',(0.,0.,-1.));
#2281=DIRECTION('',(0.,-1.,0.));
#2282=DIRECTION('',(0.,0.,-1.));
#2283=DIRECTION('',(0.,1.,0.));
#2284=DIRECTION('',(0.,0.,1.));
#2285=DIRECTION('',(-1.,0.,0.));
#2286=DIRECTION('',(-0.70710678118655,0.,0.707106781186545));
#2287=DIRECTION('',(-0.70710678118655,0.,-0.707106781186545));
#2288=DIRECTION('',(0.,1.,0.));
#2289=DIRECTION('',(0.,0.,1.));
#2290=DIRECTION('',(1.,0.,0.));
#2291=DIRECTION('',(0.70710678118655,0.,-0.707106781186545));
#2292=DIRECTION('',(1.,0.,0.));
#2293=DIRECTION('',(0.70710678118655,0.,0.707106781186545));
#2294=DIRECTION('',(0.707106781186545,0.,-0.70710678118655));
#2295=DIRECTION('',(-0.70710678118655,0.,-0.707106781186545));
#2296=DIRECTION('',(0.,-1.,0.));
#2297=DIRECTION('',(0.70710678118655,0.,0.707106781186545));
#2298=DIRECTION('',(0.,0.,-1.));
#2299=DIRECTION('',(-1.,0.,0.));
#2300=DIRECTION('',(1.,0.,0.));
#2301=DIRECTION('',(0.,-1.,0.));
#2302=DIRECTION('',(-1.,0.,0.));
#2303=DIRECTION('',(0.,1.,0.));
#2304=DIRECTION('',(0.,-1.,0.));
#2305=DIRECTION('',(1.,0.,0.));
#2306=DIRECTION('',(-0.707106781186545,0.,-0.70710678118655));
#2307=DIRECTION('',(-0.70710678118655,0.,0.707106781186545));
#2308=DIRECTION('',(0.70710678118655,0.,-0.707106781186545));
#2309=DIRECTION('',(-0.707106781186545,0.,0.70710678118655));
#2310=DIRECTION('',(0.70710678118655,0.,0.707106781186545));
#2311=DIRECTION('',(-0.70710678118655,0.,-0.707106781186545));
#2312=DIRECTION('',(0.707106781186545,0.,0.70710678118655));
#2313=DIRECTION('',(0.70710678118655,0.,-0.707106781186545));
#2314=DIRECTION('',(-0.70710678118655,0.,0.707106781186545));
#2315=DIRECTION('',(0.,1.,0.));
#2316=DIRECTION('',(0.,0.,1.));
#2317=DIRECTION('',(-1.,0.,0.));
#2318=DIRECTION('',(0.,0.,-1.));
#2319=DIRECTION('',(1.,0.,0.));
#2320=DIRECTION('',(0.,0.,1.));
#2321=DIRECTION('',(0.,0.,1.));
#2322=DIRECTION('',(1.,0.,0.));
#2323=DIRECTION('',(-1.,0.,0.));
#2324=DIRECTION('',(0.,0.,-1.));
#2325=DIRECTION('',(-1.,0.,0.));
#2326=DIRECTION('',(1.,0.,0.));
#2327=DIRECTION('',(0.,1.,0.));
#2328=DIRECTION('',(0.,0.,1.));
#2329=DIRECTION('',(0.,0.,-1.));
#2330=DIRECTION('',(-1.,0.,0.));
#2331=DIRECTION('',(0.,1.,0.));
#2332=DIRECTION('',(-1.,0.,0.));
#2333=DIRECTION('',(0.,1.,0.));
#2334=DIRECTION('',(-1.,0.,0.));
#2335=DIRECTION('',(0.,0.,1.));
#2336=DIRECTION('',(0.,1.,0.));
#2337=DIRECTION('',(0.,0.,1.));
#2338=DIRECTION('',(0.,0.,1.));
#2339=DIRECTION('',(1.,0.,0.));
#2340=DIRECTION('',(0.,1.,0.));
#2341=DIRECTION('',(1.,0.,0.));
#2342=DIRECTION('',(1.,0.,0.));
#2343=DIRECTION('',(0.,0.,-1.));
#2344=DIRECTION('',(0.,0.,-1.));
#2345=DIRECTION('',(0.,1.,0.));
#2346=DIRECTION('',(0.,0.,1.));
#2347=DIRECTION('',(1.,0.,0.));
#2348=DIRECTION('',(0.,0.,-1.));
#2349=DIRECTION('',(0.,0.,-1.));
#2350=DIRECTION('',(0.,-1.,0.));
#2351=DIRECTION('',(0.,0.,-1.));
#2352=DIRECTION('',(0.,1.,0.));
#2353=DIRECTION('',(0.,0.,1.));
#2354=DIRECTION('',(1.,0.,0.));
#2355=DIRECTION('',(0.,0.,-1.));
#2356=DIRECTION('',(-1.,0.,0.));
#2357=DIRECTION('',(0.,0.,1.));
#2358=DIRECTION('',(0.,1.,0.));
#2359=DIRECTION('',(0.,0.,-1.));
#2360=DIRECTION('',(0.,-1.,0.));
#2361=DIRECTION('',(0.,0.,-1.));
#2362=DIRECTION('',(-1.,0.,0.));
#2363=DIRECTION('',(0.,0.,1.));
#2364=DIRECTION('',(1.,0.,0.));
#2365=DIRECTION('',(-1.,0.,0.));
#2366=DIRECTION('',(0.,0.,1.));
#2367=DIRECTION('',(0.,0.,1.));
#2368=DIRECTION('',(0.,-1.,0.));
#2369=DIRECTION('',(0.,0.,1.));
#2370=DIRECTION('',(0.,-1.,0.));
#2371=DIRECTION('',(0.,0.,-1.));
#2372=DIRECTION('',(0.,0.,1.));
#2373=DIRECTION('',(1.,0.,0.));
#2374=DIRECTION('',(1.,0.,0.));
#2375=DIRECTION('',(0.,0.,-1.));
#2376=DIRECTION('',(0.,0.,1.));
#2377=DIRECTION('',(0.,1.,0.));
#2378=DIRECTION('',(0.,1.,0.));
#2379=DIRECTION('',(0.,0.,1.));
#2380=DIRECTION('',(-1.,0.,0.));
#2381=DIRECTION('',(0.,0.,1.));
#2382=DIRECTION('',(1.,0.,0.));
#2383=DIRECTION('',(0.,0.,1.));
#2384=DIRECTION('',(1.,0.,0.));
#2385=DIRECTION('',(0.,-0.616661975264374,-0.787228053528989));
#2386=DIRECTION('',(0.,0.787228053528989,-0.616661975264374));
#2387=DIRECTION('',(0.,-0.787228053528989,0.616661975264374));
#2388=DIRECTION('',(-1.,0.,0.));
#2389=DIRECTION('',(0.,-0.787228053528989,0.616661975264374));
#2390=DIRECTION('',(-1.,0.,0.));
#2391=DIRECTION('',(0.,0.,-1.));
#2392=DIRECTION('',(-1.,0.,0.));
#2393=DIRECTION('',(0.,-1.,0.));
#2394=DIRECTION('',(-1.,0.,0.));
#2395=DIRECTION('',(0.,-1.,0.));
#2396=DIRECTION('',(0.,0.,1.));
#2397=DIRECTION('',(1.,0.,0.));
#2398=DIRECTION('',(0.,1.,0.));
#2399=DIRECTION('',(-1.,0.,0.));
#2400=DIRECTION('',(0.,1.,0.));
#2401=DIRECTION('',(-1.,0.,0.));
#2402=DIRECTION('',(0.,-0.616661975264374,0.787228053528989));
#2403=DIRECTION('',(0.,-0.787228053528989,-0.616661975264374));
#2404=DIRECTION('',(0.,0.787228053528989,0.616661975264375));
#2405=DIRECTION('',(-1.,0.,0.));
#2406=DIRECTION('',(0.,0.787228053528989,0.616661975264375));
#2407=DIRECTION('',(0.,-0.616661975264375,-0.787228053528988));
#2408=DIRECTION('',(0.,0.787228053528988,-0.616661975264375));
#2409=DIRECTION('',(0.,-0.787228053528988,0.616661975264375));
#2410=DIRECTION('',(-1.,0.,0.));
#2411=DIRECTION('',(0.,-0.787228053528988,0.616661975264375));
#2412=DIRECTION('',(0.,-0.616661975264374,0.787228053528989));
#2413=DIRECTION('',(0.,-0.787228053528989,-0.616661975264374));
#2414=DIRECTION('',(0.,0.787228053528989,0.616661975264374));
#2415=DIRECTION('',(-1.,0.,0.));
#2416=DIRECTION('',(0.,0.787228053528989,0.616661975264374));
#2417=DIRECTION('',(0.,-0.616661975264374,-0.787228053528989));
#2418=DIRECTION('',(0.,0.787228053528989,-0.616661975264374));
#2419=DIRECTION('',(0.,-0.787228053528989,0.616661975264374));
#2420=DIRECTION('',(-1.,0.,0.));
#2421=DIRECTION('',(0.,-0.787228053528989,0.616661975264374));
#2422=DIRECTION('',(0.,-0.616661975264375,0.787228053528988));
#2423=DIRECTION('',(0.,-0.787228053528988,-0.616661975264375));
#2424=DIRECTION('',(0.,0.787228053528988,0.616661975264375));
#2425=DIRECTION('',(-1.,0.,0.));
#2426=DIRECTION('',(0.,0.787228053528988,0.616661975264375));
#2427=DIRECTION('',(0.,-0.616661975264375,-0.787228053528988));
#2428=DIRECTION('',(0.,0.787228053528988,-0.616661975264375));
#2429=DIRECTION('',(0.,-0.787228053528988,0.616661975264375));
#2430=DIRECTION('',(-1.,0.,0.));
#2431=DIRECTION('',(0.,-0.787228053528988,0.616661975264375));
#2432=DIRECTION('',(0.,-0.616661975264375,0.787228053528988));
#2433=DIRECTION('',(0.,-0.787228053528988,-0.616661975264375));
#2434=DIRECTION('',(0.,0.787228053528988,0.616661975264375));
#2435=DIRECTION('',(0.,0.787228053528988,0.616661975264375));
#2436=DIRECTION('',(-1.,0.,0.));
#2437=DIRECTION('',(0.,0.,1.));
#2438=DIRECTION('',(0.,0.,-1.));
#2439=DIRECTION('',(0.,1.,0.));
#2440=DIRECTION('',(0.,0.,-1.));
#2441=DIRECTION('',(0.,1.,0.));
#2442=DIRECTION('',(0.,0.,-1.));
#2443=DIRECTION('',(-1.,0.,0.));
#2444=DIRECTION('',(0.,0.,1.));
#2445=DIRECTION('',(0.,1.,0.));
#2446=DIRECTION('',(0.,0.,1.));
#2447=DIRECTION('',(0.,0.,1.));
#2448=DIRECTION('',(0.,1.,0.));
#2449=DIRECTION('',(0.,0.,1.));
#2450=DIRECTION('',(0.,0.,1.));
#2451=DIRECTION('',(1.,0.,0.));
#2452=DIRECTION('',(1.,0.,0.));
#2453=DIRECTION('',(1.,0.,0.));
#2454=DIRECTION('',(0.,1.,0.));
#2455=DIRECTION('',(0.,0.,1.));
#2456=DIRECTION('',(0.,1.,0.));
#2457=DIRECTION('',(0.,0.,1.));
#2458=DIRECTION('',(1.,0.,0.));
#2459=DIRECTION('',(0.,0.,1.));
#2460=DIRECTION('',(1.,0.,0.));
#2461=DIRECTION('',(1.,0.,0.));
#2462=DIRECTION('',(0.,1.,0.));
#2463=DIRECTION('',(0.,0.,1.));
#2464=DIRECTION('',(0.,0.,1.));
#2465=DIRECTION('',(1.,0.,0.));
#2466=DIRECTION('',(0.,0.,-1.));
#2467=DIRECTION('',(-1.,0.,0.));
#2468=DIRECTION('',(-1.,0.,0.));
#2469=DIRECTION('',(0.,1.,0.));
#2470=DIRECTION('',(-1.,0.,0.));
#2471=DIRECTION('',(0.,1.,0.));
#2472=DIRECTION('',(-1.,0.,0.));
#2473=DIRECTION('',(0.,0.,1.));
#2474=DIRECTION('',(0.,0.,1.));
#2475=DIRECTION('',(0.,0.,1.));
#2476=DIRECTION('',(0.,1.,0.));
#2477=DIRECTION('',(0.,0.,1.));
#2478=DIRECTION('',(1.,0.,0.));
#2479=DIRECTION('',(1.,0.,0.));
#2480=DIRECTION('',(1.,0.,0.));
#2481=DIRECTION('',(0.,1.,0.));
#2482=DIRECTION('',(1.,0.,0.));
#2483=DIRECTION('',(0.,0.,-1.));
#2484=DIRECTION('',(0.,0.,-1.));
#2485=DIRECTION('',(0.,0.,-1.));
#2486=DIRECTION('',(0.,1.,0.));
#2487=DIRECTION('',(0.,0.,1.));
#2488=DIRECTION('',(0.,1.,0.));
#2489=DIRECTION('',(0.,0.,1.));
#2490=DIRECTION('',(0.,1.,0.));
#2491=DIRECTION('',(0.,0.,1.));
#2492=DIRECTION('',(0.,1.,0.));
#2493=DIRECTION('',(0.,0.,1.));
#2494=DIRECTION('',(0.,-1.,0.));
#2495=DIRECTION('',(0.,0.,-1.));
#2496=DIRECTION('',(0.,1.,0.));
#2497=DIRECTION('',(1.,0.,0.));
#2498=DIRECTION('',(0.,1.,0.));
#2499=DIRECTION('',(0.,0.,1.));
#2500=DIRECTION('',(0.,-1.,0.));
#2501=DIRECTION('',(0.,0.,-1.));
#2502=DIRECTION('',(0.,1.,0.));
#2503=DIRECTION('',(1.,0.,0.));
#2504=DIRECTION('',(0.,1.,0.));
#2505=DIRECTION('',(0.,0.,1.));
#2506=DIRECTION('',(0.,0.,1.));
#2507=DIRECTION('',(1.,0.,0.));
#2508=CARTESIAN_POINT('',(0.,0.,0.));
#2509=CARTESIAN_POINT('',(0.,0.,0.));
#2510=CARTESIAN_POINT('',(0.094,0.,-0.177));
#2511=CARTESIAN_POINT('',(-0.076,0.,-0.177));
#2512=CARTESIAN_POINT('',(-0.094,0.,-0.177));
#2513=CARTESIAN_POINT('',(-0.076,0.,-0.177));
#2514=CARTESIAN_POINT('',(-0.076,0.,-0.153));
#2515=CARTESIAN_POINT('',(0.1,0.,-0.153));
#2516=CARTESIAN_POINT('',(-0.1,0.,-0.153));
#2517=CARTESIAN_POINT('',(-0.1,0.,-0.171));
#2518=CARTESIAN_POINT('',(-0.1,0.,-0.171));
#2519=CARTESIAN_POINT('',(-0.094,0.,-0.177));
#2520=CARTESIAN_POINT('',(0.,0.,0.));
#2521=CARTESIAN_POINT('',(-0.1,0.,0.153));
#2522=CARTESIAN_POINT('',(-0.1,0.,0.153));
#2523=CARTESIAN_POINT('',(-0.076,0.,0.153));
#2524=CARTESIAN_POINT('',(-0.076,0.,-0.177));
#2525=CARTESIAN_POINT('',(-0.076,0.,0.177));
#2526=CARTESIAN_POINT('',(-0.094,0.,0.177));
#2527=CARTESIAN_POINT('',(-0.094,0.,0.177));
#2528=CARTESIAN_POINT('',(-0.1,0.,0.171));
#2529=CARTESIAN_POINT('',(-0.1,0.,0.171));
#2530=CARTESIAN_POINT('',(-0.1,0.,-0.171));
#2531=CARTESIAN_POINT('',(0.094,0.2185,-0.177));
#2532=CARTESIAN_POINT('',(0.061,0.031,-0.177));
#2533=CARTESIAN_POINT('',(0.061,0.031,-0.177));
#2534=CARTESIAN_POINT('',(-0.061,0.031,-0.177));
#2535=CARTESIAN_POINT('',(-0.061,0.031,-0.177));
#2536=CARTESIAN_POINT('',(-0.094,0.2185,-0.177));
#2537=CARTESIAN_POINT('',(-0.0939999999999999,0.1945,-0.177));
#2538=CARTESIAN_POINT('',(0.100000000000003,0.1945,-0.177));
#2539=CARTESIAN_POINT('',(0.00999999999999601,0.1945,-0.177));
#2540=CARTESIAN_POINT('',(0.00999999999999601,0.1145,-0.177));
#2541=CARTESIAN_POINT('',(0.00999999999999601,0.1145,-0.177));
#2542=CARTESIAN_POINT('',(0.00999999999999601,0.1145,-0.177));
#2543=CARTESIAN_POINT('',(0.0700000000000006,0.1145,-0.177));
#2544=CARTESIAN_POINT('',(0.0700000000000006,0.1145,-0.177));
#2545=CARTESIAN_POINT('',(0.0700000000000006,0.1945,-0.177));
#2546=CARTESIAN_POINT('',(0.100000000000003,0.1945,-0.177));
#2547=CARTESIAN_POINT('',(0.094,0.1945,-0.177));
#2548=CARTESIAN_POINT('',(0.094,0.2185,-0.177));
#2549=CARTESIAN_POINT('',(0.094,0.,-0.177));
#2550=CARTESIAN_POINT('',(0.094,0.,-0.177));
#2551=CARTESIAN_POINT('',(0.076,0.,-0.177));
#2552=CARTESIAN_POINT('',(0.076,0.,-0.177));
#2553=CARTESIAN_POINT('',(-0.094,0.2185,0.177));
#2554=CARTESIAN_POINT('',(-0.061,0.031,0.177));
#2555=CARTESIAN_POINT('',(-0.061,0.031,0.177));
#2556=CARTESIAN_POINT('',(0.061,0.031,0.177));
#2557=CARTESIAN_POINT('',(0.061,0.031,0.177));
#2558=CARTESIAN_POINT('',(0.076,0.,0.177));
#2559=CARTESIAN_POINT('',(0.076,0.,0.177));
#2560=CARTESIAN_POINT('',(-0.094,0.,0.177));
#2561=CARTESIAN_POINT('',(0.094,0.,0.177));
#2562=CARTESIAN_POINT('',(0.094,0.2185,0.177));
#2563=CARTESIAN_POINT('',(0.094,0.1945,0.177));
#2564=CARTESIAN_POINT('',(-0.1,0.1945,0.177));
#2565=CARTESIAN_POINT('',(0.07,0.1945,0.177));
#2566=CARTESIAN_POINT('',(0.07,0.1145,0.177));
#2567=CARTESIAN_POINT('',(0.07,0.1145,0.177));
#2568=CARTESIAN_POINT('',(0.07,0.1145,0.177));
#2569=CARTESIAN_POINT('',(0.01,0.1145,0.177));
#2570=CARTESIAN_POINT('',(0.01,0.1145,0.177));
#2571=CARTESIAN_POINT('',(0.01,0.1945,0.177));
#2572=CARTESIAN_POINT('',(-0.1,0.1945,0.177));
#2573=CARTESIAN_POINT('',(-0.094,0.1945,0.177));
#2574=CARTESIAN_POINT('',(-0.094,0.2185,0.177));
#2575=CARTESIAN_POINT('',(0.1,0.2185,-0.171));
#2576=CARTESIAN_POINT('',(0.1,0.1945,-0.171));
#2577=CARTESIAN_POINT('',(0.100000000000003,0.1945,-0.170999999999997));
#2578=CARTESIAN_POINT('',(0.1,0.2185,-0.171));
#2579=CARTESIAN_POINT('',(0.1,0.,-0.171));
#2580=CARTESIAN_POINT('',(0.1,0.,-0.171));
#2581=CARTESIAN_POINT('',(-0.094,0.2185,-0.177));
#2582=CARTESIAN_POINT('',(-0.094,0.1945,-0.177));
#2583=CARTESIAN_POINT('',(-0.100000000000003,0.1945,-0.170999999999997));
#2584=CARTESIAN_POINT('',(-0.1,0.2185,-0.171));
#2585=CARTESIAN_POINT('',(-0.1,0.2185,0.171));
#2586=CARTESIAN_POINT('',(-0.1,0.1945,0.171));
#2587=CARTESIAN_POINT('',(-0.1,0.1945,0.171));
#2588=CARTESIAN_POINT('',(-0.1,0.2185,0.171));
#2589=CARTESIAN_POINT('',(0.094,0.2185,0.177));
#2590=CARTESIAN_POINT('',(0.094,0.1945,0.177));
#2591=CARTESIAN_POINT('',(0.1,0.1945,0.171));
#2592=CARTESIAN_POINT('',(0.094,0.,0.177));
#2593=CARTESIAN_POINT('',(0.1,0.,0.171));
#2594=CARTESIAN_POINT('',(0.1,0.2185,0.171));
#2595=CARTESIAN_POINT('',(0.,0.031,0.));
#2596=CARTESIAN_POINT('',(-0.095,0.031,-0.153));
#2597=CARTESIAN_POINT('',(-0.095,0.031,-0.153));
#2598=CARTESIAN_POINT('',(-0.095,0.031,0.153));
#2599=CARTESIAN_POINT('',(-0.1,0.031,0.153));
#2600=CARTESIAN_POINT('',(-0.1,0.031,0.153));
#2601=CARTESIAN_POINT('',(-0.1,0.031,-0.153));
#2602=CARTESIAN_POINT('',(-0.1,0.031,-0.153));
#2603=CARTESIAN_POINT('',(0.1,0.031,-0.153));
#2604=CARTESIAN_POINT('',(0.,0.031,0.));
#2605=CARTESIAN_POINT('',(0.095,0.031,0.153));
#2606=CARTESIAN_POINT('',(0.095,0.031,0.153));
#2607=CARTESIAN_POINT('',(0.095,0.031,-0.153));
#2608=CARTESIAN_POINT('',(0.1,0.031,-0.153));
#2609=CARTESIAN_POINT('',(0.1,0.031,-0.153));
#2610=CARTESIAN_POINT('',(0.1,0.031,0.153));
#2611=CARTESIAN_POINT('',(0.1,0.031,0.153));
#2612=CARTESIAN_POINT('',(-0.1,0.031,0.153));
#2613=CARTESIAN_POINT('',(-0.1,0.2185,-0.171));
#2614=CARTESIAN_POINT('',(-0.1,0.2185,-0.171));
#2615=CARTESIAN_POINT('',(-0.1,0.2185,-0.153));
#2616=CARTESIAN_POINT('',(-0.1,0.2185,0.153));
#2617=CARTESIAN_POINT('',(-0.100000000000003,0.1945,-0.153));
#2618=CARTESIAN_POINT('',(-0.100000000000003,0.1945,-0.153));
#2619=CARTESIAN_POINT('',(-0.100000000000003,0.1945,-0.177));
#2620=CARTESIAN_POINT('',(-0.1,0.031,-0.153));
#2621=CARTESIAN_POINT('',(-0.1,0.031,0.153));
#2622=CARTESIAN_POINT('',(-0.1,0.1945,0.153));
#2623=CARTESIAN_POINT('',(-0.1,0.1945,0.153));
#2624=CARTESIAN_POINT('',(-0.1,0.1945,0.153));
#2625=CARTESIAN_POINT('',(0.1,0.2185,0.171));
#2626=CARTESIAN_POINT('',(0.1,0.1145,0.));
#2627=CARTESIAN_POINT('',(0.1,0.1145,0.));
#2628=CARTESIAN_POINT('',(0.1,0.1945,0.));
#2629=CARTESIAN_POINT('',(0.1,0.1145,0.));
#2630=CARTESIAN_POINT('',(0.1,0.1145,0.06));
#2631=CARTESIAN_POINT('',(0.1,0.1145,0.06));
#2632=CARTESIAN_POINT('',(0.1,0.1945,0.06));
#2633=CARTESIAN_POINT('',(0.1,0.1945,0.));
#2634=CARTESIAN_POINT('',(0.100000000000003,0.1945,-0.153));
#2635=CARTESIAN_POINT('',(0.100000000000003,0.1945,-0.153));
#2636=CARTESIAN_POINT('',(0.100000000000003,0.1945,-0.153));
#2637=CARTESIAN_POINT('',(0.100000000000003,0.2185,-0.153));
#2638=CARTESIAN_POINT('',(0.1,0.2185,0.171));
#2639=CARTESIAN_POINT('',(0.1,0.2185,0.153));
#2640=CARTESIAN_POINT('',(0.1,0.1945,0.153));
#2641=CARTESIAN_POINT('',(0.1,0.1945,0.153));
#2642=CARTESIAN_POINT('',(0.1,0.1945,0.177));
#2643=CARTESIAN_POINT('',(0.1,0.,0.171));
#2644=CARTESIAN_POINT('',(0.1,0.,0.153));
#2645=CARTESIAN_POINT('',(0.1,0.031,0.153));
#2646=CARTESIAN_POINT('',(0.1,0.031,-0.153));
#2647=CARTESIAN_POINT('',(0.1,0.,-0.153));
#2648=CARTESIAN_POINT('',(0.1,0.,0.171));
#2649=CARTESIAN_POINT('',(0.,0.,0.));
#2650=CARTESIAN_POINT('',(0.1,0.,-0.153));
#2651=CARTESIAN_POINT('',(0.076,0.,-0.153));
#2652=CARTESIAN_POINT('',(0.076,0.,-0.177));
#2653=CARTESIAN_POINT('',(0.,0.,0.));
#2654=CARTESIAN_POINT('',(0.076,0.,-0.177));
#2655=CARTESIAN_POINT('',(0.076,0.,0.153));
#2656=CARTESIAN_POINT('',(-0.1,0.,0.153));
#2657=CARTESIAN_POINT('',(0.,0.2185,0.));
#2658=CARTESIAN_POINT('',(-0.100000000000003,0.2185,-0.153));
#2659=CARTESIAN_POINT('',(0.1,0.2185,0.153));
#2660=CARTESIAN_POINT('',(0.1,0.031,-0.153));
#2661=CARTESIAN_POINT('',(-0.0304561551433389,0.0941239460370995,-0.153));
#2662=CARTESIAN_POINT('',(-0.061,0.031,-0.153));
#2663=CARTESIAN_POINT('',(0.1,0.031,-0.153));
#2664=CARTESIAN_POINT('',(0.061,0.031,-0.153));
#2665=CARTESIAN_POINT('',(0.0683988195615515,0.0157091062394604,-0.153));
#2666=CARTESIAN_POINT('',(0.095,0.032,-0.153));
#2667=CARTESIAN_POINT('',(0.095,0.032,-0.153));
#2668=CARTESIAN_POINT('',(0.095,0.032,-0.153));
#2669=CARTESIAN_POINT('',(-0.095,0.032,-0.153));
#2670=CARTESIAN_POINT('',(-0.095,0.032,-0.153));
#2671=CARTESIAN_POINT('',(-0.1,0.031,0.153));
#2672=CARTESIAN_POINT('',(-0.0683988195615514,0.0157091062394604,0.153));
#2673=CARTESIAN_POINT('',(-0.061,0.031,0.153));
#2674=CARTESIAN_POINT('',(-0.095,0.032,0.153));
#2675=CARTESIAN_POINT('',(-0.095,0.032,0.153));
#2676=CARTESIAN_POINT('',(-0.095,0.032,0.153));
#2677=CARTESIAN_POINT('',(0.095,0.032,0.153));
#2678=CARTESIAN_POINT('',(0.095,0.032,0.153));
#2679=CARTESIAN_POINT('',(0.030456155143339,0.0941239460370995,0.153));
#2680=CARTESIAN_POINT('',(0.061,0.031,0.153));
#2681=CARTESIAN_POINT('',(-0.1,0.031,0.153));
#2682=CARTESIAN_POINT('',(-0.095,0.032,-0.153));
#2683=CARTESIAN_POINT('',(-0.095,0.032,-0.153));
#2684=CARTESIAN_POINT('',(0.095,0.032,0.153));
#2685=CARTESIAN_POINT('',(0.095,0.032,0.153));
#2686=CARTESIAN_POINT('',(0.,0.032,0.));
#2687=CARTESIAN_POINT('',(0.,0.1945,0.));
#2688=CARTESIAN_POINT('',(0.01,0.1945,0.177));
#2689=CARTESIAN_POINT('',(0.025,0.1945,0.193));
#2690=CARTESIAN_POINT('',(0.025,0.1945,0.193));
#2691=CARTESIAN_POINT('',(0.07,0.1945,0.193));
#2692=CARTESIAN_POINT('',(0.07,0.1945,0.193));
#2693=CARTESIAN_POINT('',(0.1,0.1945,0.153));
#2694=CARTESIAN_POINT('',(0.1,0.1945,0.153));
#2695=CARTESIAN_POINT('',(0.,0.1945,0.));
#2696=CARTESIAN_POINT('',(0.0700000000000006,0.1945,-0.177));
#2697=CARTESIAN_POINT('',(0.0700000000000006,0.1945,-0.193));
#2698=CARTESIAN_POINT('',(0.0700000000000006,0.1945,-0.193));
#2699=CARTESIAN_POINT('',(0.0249999999999971,0.1945,-0.193));
#2700=CARTESIAN_POINT('',(0.0249999999999971,0.1945,-0.193));
#2701=CARTESIAN_POINT('',(-0.100000000000003,0.1945,-0.153));
#2702=CARTESIAN_POINT('',(-0.100000000000003,0.1945,-0.153));
#2703=CARTESIAN_POINT('',(0.01,0.1145,0.177));
#2704=CARTESIAN_POINT('',(0.01,0.1145,0.177));
#2705=CARTESIAN_POINT('',(0.025,0.1145,0.193));
#2706=CARTESIAN_POINT('',(0.025,0.1145,0.193));
#2707=CARTESIAN_POINT('',(0.025,0.1145,0.193));
#2708=CARTESIAN_POINT('',(0.025,0.1145,0.193));
#2709=CARTESIAN_POINT('',(0.07,0.1145,0.193));
#2710=CARTESIAN_POINT('',(0.07,0.1145,0.193));
#2711=CARTESIAN_POINT('',(0.07,0.1145,0.193));
#2712=CARTESIAN_POINT('',(0.07,0.1145,0.193));
#2713=CARTESIAN_POINT('',(0.,0.1145,0.));
#2714=CARTESIAN_POINT('',(0.0249999999999971,0.1145,-0.193));
#2715=CARTESIAN_POINT('',(0.0249999999999971,0.1145,-0.193));
#2716=CARTESIAN_POINT('',(0.0249999999999971,0.1145,-0.193));
#2717=CARTESIAN_POINT('',(0.0249999999999971,0.1145,-0.193));
#2718=CARTESIAN_POINT('',(0.0700000000000006,0.1145,-0.177));
#2719=CARTESIAN_POINT('',(0.0700000000000006,0.1145,-0.177));
#2720=CARTESIAN_POINT('',(0.0700000000000006,0.1145,-0.193));
#2721=CARTESIAN_POINT('',(0.0700000000000006,0.1145,-0.193));
#2722=CARTESIAN_POINT('',(0.0700000000000006,0.1145,-0.193));
#2723=CARTESIAN_POINT('',(0.0700000000000006,0.1145,-0.193));
#2724=CARTESIAN_POINT('',(0.,0.1145,0.));
#2725=CARTESIAN_POINT('',(0.1,0.1145,0.06));
#2726=CARTESIAN_POINT('',(0.1,0.1945,0.06));
#2727=CARTESIAN_POINT('',(0.112,0.1945,0.049));
#2728=CARTESIAN_POINT('',(0.1,0.1145,0.06));
#2729=CARTESIAN_POINT('',(0.112,0.1145,0.049));
#2730=CARTESIAN_POINT('',(0.112,0.1145,0.049));
#2731=CARTESIAN_POINT('',(0.112,0.1145,0.049));
#2732=CARTESIAN_POINT('',(0.112,0.1945,0.049));
#2733=CARTESIAN_POINT('',(0.112,0.1945,8.53702498020082E-18));
#2734=CARTESIAN_POINT('',(0.112,0.1145,0.049));
#2735=CARTESIAN_POINT('',(0.112,0.1145,8.53702498020082E-18));
#2736=CARTESIAN_POINT('',(0.112,0.1145,8.53702498020082E-18));
#2737=CARTESIAN_POINT('',(0.112,0.1145,0.));
#2738=CARTESIAN_POINT('',(0.112,0.1945,0.));
#2739=CARTESIAN_POINT('',(0.112,0.1145,0.));
#2740=CARTESIAN_POINT('',(0.,0.1145,0.));
#2741=CARTESIAN_POINT('',(0.,0.1945,0.));
#2742=CARTESIAN_POINT('',(0.061,0.031,-0.177));
#2743=CARTESIAN_POINT('',(0.061,0.031,-0.177));
#2744=CARTESIAN_POINT('',(-0.061,0.031,-0.177));
#2745=CARTESIAN_POINT('',(0.076,0.,-0.177));
#2746=CARTESIAN_POINT('',(-0.061,0.031,-0.177));
#2747=CARTESIAN_POINT('',(-0.061,0.031,-0.177));
#2748=CARTESIAN_POINT('',(-0.061,0.031,-0.177));
#2749=CARTESIAN_POINT('',(0.076,0.,-0.177));
#2750=CARTESIAN_POINT('',(0.061,0.031,-0.177));
#2751=CARTESIAN_POINT('',(0.061,0.031,-0.177));
#2752=CARTESIAN_POINT('',(0.1,-2.16762483449081E-17,0.177));
#2753=CARTESIAN_POINT('',(0.094,0.1635,-0.177));
#2754=CARTESIAN_POINT('',(0.094,0.,-0.177));
#2755=CARTESIAN_POINT('',(0.094,0.,-0.177));
#2756=CARTESIAN_POINT('',(-0.094,0.,-0.177));
#2757=CARTESIAN_POINT('',(-0.094,0.1635,-0.177));
#2758=CARTESIAN_POINT('',(-0.094,0.1635,-0.177));
#2759=CARTESIAN_POINT('',(0.094,0.1635,-0.177));
#2760=CARTESIAN_POINT('',(0.094,0.1635,-0.177));
#2761=CARTESIAN_POINT('',(0.094,0.1635,-0.177));
#2762=CARTESIAN_POINT('',(-0.05,0.1,-0.177));
#2763=CARTESIAN_POINT('',(-0.05,0.1,-0.177));
#2764=CARTESIAN_POINT('',(-0.05,0.076,-0.177));
#2765=CARTESIAN_POINT('',(-0.05,0.076,-0.177));
#2766=CARTESIAN_POINT('',(0.05,0.076,-0.177));
#2767=CARTESIAN_POINT('',(0.05,0.076,-0.177));
#2768=CARTESIAN_POINT('',(0.05,0.1,-0.177));
#2769=CARTESIAN_POINT('',(0.05,0.1,-0.177));
#2770=CARTESIAN_POINT('',(-0.1,0.1635,-0.171));
#2771=CARTESIAN_POINT('',(-0.1,0.024,-0.153));
#2772=CARTESIAN_POINT('',(-0.1,0.024,-0.153));
#2773=CARTESIAN_POINT('',(-0.1,0.,-0.153));
#2774=CARTESIAN_POINT('',(-0.1,0.024,-0.153));
#2775=CARTESIAN_POINT('',(-0.1,0.024,0.153));
#2776=CARTESIAN_POINT('',(-0.1,0.024,0.153));
#2777=CARTESIAN_POINT('',(-0.1,0.,0.153));
#2778=CARTESIAN_POINT('',(-0.1,0.,-0.171));
#2779=CARTESIAN_POINT('',(-0.1,0.,0.171));
#2780=CARTESIAN_POINT('',(-0.1,0.1635,0.171));
#2781=CARTESIAN_POINT('',(-0.1,0.1635,0.171));
#2782=CARTESIAN_POINT('',(-0.1,0.1635,-0.171));
#2783=CARTESIAN_POINT('',(-0.1,0.1635,-0.171));
#2784=CARTESIAN_POINT('',(-0.1,0.1635,-0.171));
#2785=CARTESIAN_POINT('',(-0.1,0.,-0.171));
#2786=CARTESIAN_POINT('',(-0.1,0.,-0.171));
#2787=CARTESIAN_POINT('',(0.1,0.1635,0.171));
#2788=CARTESIAN_POINT('',(0.1,0.024,-0.153));
#2789=CARTESIAN_POINT('',(0.1,0.024,-0.153));
#2790=CARTESIAN_POINT('',(0.1,0.,-0.153));
#2791=CARTESIAN_POINT('',(0.1,0.,0.171));
#2792=CARTESIAN_POINT('',(0.1,0.,-0.171));
#2793=CARTESIAN_POINT('',(0.1,0.1635,-0.171));
#2794=CARTESIAN_POINT('',(0.1,0.1635,-0.171));
#2795=CARTESIAN_POINT('',(0.1,0.1635,0.171));
#2796=CARTESIAN_POINT('',(0.1,0.1635,0.171));
#2797=CARTESIAN_POINT('',(0.1,0.1635,0.171));
#2798=CARTESIAN_POINT('',(0.1,0.,0.171));
#2799=CARTESIAN_POINT('',(0.1,0.,0.171));
#2800=CARTESIAN_POINT('',(0.1,0.,0.153));
#2801=CARTESIAN_POINT('',(0.1,0.024,0.153));
#2802=CARTESIAN_POINT('',(0.1,0.024,0.153));
#2803=CARTESIAN_POINT('',(0.1,0.024,0.153));
#2804=CARTESIAN_POINT('',(0.,0.,0.));
#2805=CARTESIAN_POINT('',(0.1,0.,-0.153));
#2806=CARTESIAN_POINT('',(-0.094,0.,-0.177));
#2807=CARTESIAN_POINT('',(0.1,0.,-0.171));
#2808=CARTESIAN_POINT('',(0.,0.,0.));
#2809=CARTESIAN_POINT('',(-0.1,0.,0.153));
#2810=CARTESIAN_POINT('',(0.094,0.,0.177));
#2811=CARTESIAN_POINT('',(0.094,0.,0.177));
#2812=CARTESIAN_POINT('',(-0.094,0.,0.177));
#2813=CARTESIAN_POINT('',(-0.094,0.,0.177));
#2814=CARTESIAN_POINT('',(-0.1,0.,0.171));
#2815=CARTESIAN_POINT('',(-0.1,0.1635,0.171));
#2816=CARTESIAN_POINT('',(-0.094,0.1635,0.177));
#2817=CARTESIAN_POINT('',(-0.094,0.1635,0.177));
#2818=CARTESIAN_POINT('',(-0.1,0.1635,0.171));
#2819=CARTESIAN_POINT('',(-0.094,0.1635,0.177));
#2820=CARTESIAN_POINT('',(-0.05,0.076,0.177));
#2821=CARTESIAN_POINT('',(-0.05,0.076,0.177));
#2822=CARTESIAN_POINT('',(0.05,0.076,0.177));
#2823=CARTESIAN_POINT('',(-0.05,0.1,0.177));
#2824=CARTESIAN_POINT('',(-0.05,0.1,0.177));
#2825=CARTESIAN_POINT('',(0.05,0.1,0.177));
#2826=CARTESIAN_POINT('',(0.05,0.1,0.177));
#2827=CARTESIAN_POINT('',(0.05,0.076,0.177));
#2828=CARTESIAN_POINT('',(0.094,0.1635,0.177));
#2829=CARTESIAN_POINT('',(0.094,0.1635,0.177));
#2830=CARTESIAN_POINT('',(-0.094,0.1635,0.177));
#2831=CARTESIAN_POINT('',(0.094,0.1635,0.177));
#2832=CARTESIAN_POINT('',(0.094,0.1635,0.177));
#2833=CARTESIAN_POINT('',(0.1,0.1635,-0.171));
#2834=CARTESIAN_POINT('',(0.1,0.1635,-0.171));
#2835=CARTESIAN_POINT('',(-0.094,0.1635,-0.177));
#2836=CARTESIAN_POINT('',(-0.094,0.1635,-0.177));
#2837=CARTESIAN_POINT('',(0.,0.1635,0.));
#2838=CARTESIAN_POINT('',(0.047,0.1635,-0.096));
#2839=CARTESIAN_POINT('',(0.047,0.1635,-0.096));
#2840=CARTESIAN_POINT('',(-0.047,0.1635,-0.096));
#2841=CARTESIAN_POINT('',(0.047,0.1635,0.096));
#2842=CARTESIAN_POINT('',(0.047,0.1635,0.096));
#2843=CARTESIAN_POINT('',(-0.047,0.1635,0.096));
#2844=CARTESIAN_POINT('',(-0.047,0.1635,0.096));
#2845=CARTESIAN_POINT('',(-0.047,0.1635,-0.096));
#2846=CARTESIAN_POINT('',(0.1,0.024,-0.153));
#2847=CARTESIAN_POINT('',(0.1,0.024,-0.153));
#2848=CARTESIAN_POINT('',(-0.1,0.024,0.153));
#2849=CARTESIAN_POINT('',(-0.1,0.024,0.153));
#2850=CARTESIAN_POINT('',(0.,0.024,0.));
#2851=CARTESIAN_POINT('',(0.047,0.1275,-0.096));
#2852=CARTESIAN_POINT('',(-0.047,0.1275,-0.096));
#2853=CARTESIAN_POINT('',(-0.047,0.1275,-0.096));
#2854=CARTESIAN_POINT('',(0.047,0.1275,-0.096));
#2855=CARTESIAN_POINT('',(0.047,0.1275,-0.096));
#2856=CARTESIAN_POINT('',(0.047,0.1275,-0.096));
#2857=CARTESIAN_POINT('',(-0.047,0.1275,-0.096));
#2858=CARTESIAN_POINT('',(-0.047,0.1275,0.096));
#2859=CARTESIAN_POINT('',(-0.047,0.1275,0.096));
#2860=CARTESIAN_POINT('',(-0.047,0.1275,-0.096));
#2861=CARTESIAN_POINT('',(-0.047,0.1275,0.096));
#2862=CARTESIAN_POINT('',(0.047,0.1275,0.096));
#2863=CARTESIAN_POINT('',(0.047,0.1275,0.096));
#2864=CARTESIAN_POINT('',(-0.047,0.1275,0.096));
#2865=CARTESIAN_POINT('',(0.047,0.1275,0.096));
#2866=CARTESIAN_POINT('',(0.047,0.1275,0.096));
#2867=CARTESIAN_POINT('',(0.,0.1275,0.));
#2868=CARTESIAN_POINT('',(-0.05,0.1,-0.167));
#2869=CARTESIAN_POINT('',(-0.05,0.1,-0.167));
#2870=CARTESIAN_POINT('',(-0.05,0.1,-0.167));
#2871=CARTESIAN_POINT('',(-0.05,0.1,-0.167));
#2872=CARTESIAN_POINT('',(-0.05,0.076,-0.167));
#2873=CARTESIAN_POINT('',(-0.05,0.076,-0.167));
#2874=CARTESIAN_POINT('',(-0.05,0.076,-0.167));
#2875=CARTESIAN_POINT('',(-0.05,0.076,-0.167));
#2876=CARTESIAN_POINT('',(0.05,0.076,-0.167));
#2877=CARTESIAN_POINT('',(0.05,0.076,-0.167));
#2878=CARTESIAN_POINT('',(0.05,0.076,-0.167));
#2879=CARTESIAN_POINT('',(0.05,0.076,-0.167));
#2880=CARTESIAN_POINT('',(0.05,0.1,-0.167));
#2881=CARTESIAN_POINT('',(0.05,0.1,-0.167));
#2882=CARTESIAN_POINT('',(0.05,0.1,-0.167));
#2883=CARTESIAN_POINT('',(0.05,0.1,-0.167));
#2884=CARTESIAN_POINT('',(0.,0.,-0.167));
#2885=CARTESIAN_POINT('',(-0.05,0.1,0.167));
#2886=CARTESIAN_POINT('',(-0.05,0.076,0.167));
#2887=CARTESIAN_POINT('',(-0.05,0.076,0.167));
#2888=CARTESIAN_POINT('',(-0.05,0.1,0.167));
#2889=CARTESIAN_POINT('',(-0.05,0.1,0.167));
#2890=CARTESIAN_POINT('',(-0.05,0.1,0.167));
#2891=CARTESIAN_POINT('',(-0.05,0.076,0.167));
#2892=CARTESIAN_POINT('',(0.05,0.076,0.167));
#2893=CARTESIAN_POINT('',(0.05,0.076,0.167));
#2894=CARTESIAN_POINT('',(-0.05,0.076,0.167));
#2895=CARTESIAN_POINT('',(0.05,0.076,0.167));
#2896=CARTESIAN_POINT('',(0.05,0.1,0.167));
#2897=CARTESIAN_POINT('',(0.05,0.1,0.167));
#2898=CARTESIAN_POINT('',(0.05,0.076,0.167));
#2899=CARTESIAN_POINT('',(0.05,0.1,0.167));
#2900=CARTESIAN_POINT('',(0.05,0.1,0.167));
#2901=CARTESIAN_POINT('',(0.,0.,0.167));
#2902=CARTESIAN_POINT('',(0.1,0.1945,0.177));
#2903=CARTESIAN_POINT('',(0.094,0.162,0.08225));
#2904=CARTESIAN_POINT('',(0.,0.162,0.08225));
#2905=CARTESIAN_POINT('',(0.,0.162,0.08225));
#2906=CARTESIAN_POINT('',(0.,0.147,0.094));
#2907=CARTESIAN_POINT('',(0.094,0.147,0.094));
#2908=CARTESIAN_POINT('',(0.094,0.147,0.094));
#2909=CARTESIAN_POINT('',(0.094,0.162,0.08225));
#2910=CARTESIAN_POINT('',(0.094,0.162,0.08225));
#2911=CARTESIAN_POINT('',(0.094,0.162,0.08225));
#2912=CARTESIAN_POINT('',(0.094,0.147,0.094));
#2913=CARTESIAN_POINT('',(0.,0.147,0.094));
#2914=CARTESIAN_POINT('',(0.,-0.012,0.094));
#2915=CARTESIAN_POINT('',(0.094,-0.012,0.094));
#2916=CARTESIAN_POINT('',(0.094,-0.012,0.094));
#2917=CARTESIAN_POINT('',(0.094,0.147,0.094));
#2918=CARTESIAN_POINT('',(0.094,0.,0.));
#2919=CARTESIAN_POINT('',(0.,0.,0.));
#2920=CARTESIAN_POINT('',(0.,-0.024,0.));
#2921=CARTESIAN_POINT('',(0.,0.147,0.));
#2922=CARTESIAN_POINT('',(0.094,0.147,0.));
#2923=CARTESIAN_POINT('',(0.094,0.147,0.));
#2924=CARTESIAN_POINT('',(0.094,0.,0.));
#2925=CARTESIAN_POINT('',(0.094,-0.024,0.));
#2926=CARTESIAN_POINT('',(0.094,-0.024,0.));
#2927=CARTESIAN_POINT('',(0.094,0.147,0.));
#2928=CARTESIAN_POINT('',(0.,0.147,0.));
#2929=CARTESIAN_POINT('',(0.,0.162,0.01175));
#2930=CARTESIAN_POINT('',(0.094,0.162,0.01175));
#2931=CARTESIAN_POINT('',(0.094,0.162,0.01175));
#2932=CARTESIAN_POINT('',(0.094,0.147,0.));
#2933=CARTESIAN_POINT('',(0.094,0.162,0.01175));
#2934=CARTESIAN_POINT('',(0.,0.162,0.01175));
#2935=CARTESIAN_POINT('',(0.,0.147,0.0235));
#2936=CARTESIAN_POINT('',(0.094,0.147,0.0235));
#2937=CARTESIAN_POINT('',(0.094,0.147,0.0235));
#2938=CARTESIAN_POINT('',(0.094,0.162,0.01175));
#2939=CARTESIAN_POINT('',(0.094,0.147,0.0235));
#2940=CARTESIAN_POINT('',(0.,0.147,0.0235));
#2941=CARTESIAN_POINT('',(0.,0.162,0.03525));
#2942=CARTESIAN_POINT('',(0.094,0.162,0.03525));
#2943=CARTESIAN_POINT('',(0.094,0.162,0.03525));
#2944=CARTESIAN_POINT('',(0.094,0.147,0.0235));
#2945=CARTESIAN_POINT('',(0.094,0.162,0.03525));
#2946=CARTESIAN_POINT('',(0.,0.162,0.03525));
#2947=CARTESIAN_POINT('',(0.,0.147,0.047));
#2948=CARTESIAN_POINT('',(0.094,0.147,0.047));
#2949=CARTESIAN_POINT('',(0.094,0.147,0.047));
#2950=CARTESIAN_POINT('',(0.094,0.162,0.03525));
#2951=CARTESIAN_POINT('',(0.094,0.147,0.047));
#2952=CARTESIAN_POINT('',(0.,0.147,0.047));
#2953=CARTESIAN_POINT('',(0.,0.162,0.05875));
#2954=CARTESIAN_POINT('',(0.094,0.162,0.05875));
#2955=CARTESIAN_POINT('',(0.094,0.162,0.05875));
#2956=CARTESIAN_POINT('',(0.094,0.147,0.047));
#2957=CARTESIAN_POINT('',(0.094,0.162,0.05875));
#2958=CARTESIAN_POINT('',(0.,0.162,0.05875));
#2959=CARTESIAN_POINT('',(0.,0.147,0.0705));
#2960=CARTESIAN_POINT('',(0.094,0.147,0.0705));
#2961=CARTESIAN_POINT('',(0.094,0.147,0.0705));
#2962=CARTESIAN_POINT('',(0.094,0.162,0.05875));
#2963=CARTESIAN_POINT('',(0.094,0.147,0.0705));
#2964=CARTESIAN_POINT('',(0.,0.147,0.0705));
#2965=CARTESIAN_POINT('',(0.094,0.147,0.0705));
#2966=CARTESIAN_POINT('',(0.094,0.,0.));
#2967=CARTESIAN_POINT('',(0.094,-0.012,0.141));
#2968=CARTESIAN_POINT('',(0.094,-0.012,0.141));
#2969=CARTESIAN_POINT('',(0.094,-0.012,0.141));
#2970=CARTESIAN_POINT('',(0.094,0.,0.141));
#2971=CARTESIAN_POINT('',(0.094,0.,0.192));
#2972=CARTESIAN_POINT('',(0.094,0.,0.192));
#2973=CARTESIAN_POINT('',(0.094,-0.024,0.192));
#2974=CARTESIAN_POINT('',(0.094,-0.024,0.192));
#2975=CARTESIAN_POINT('',(0.094,-0.024,0.192));
#2976=CARTESIAN_POINT('',(0.,0.,0.));
#2977=CARTESIAN_POINT('',(0.,-0.012,0.141));
#2978=CARTESIAN_POINT('',(0.,-0.012,0.141));
#2979=CARTESIAN_POINT('',(0.,0.,0.141));
#2980=CARTESIAN_POINT('',(0.,-0.012,0.094));
#2981=CARTESIAN_POINT('',(0.,-0.024,0.));
#2982=CARTESIAN_POINT('',(0.,-0.024,0.192));
#2983=CARTESIAN_POINT('',(0.,-0.024,0.192));
#2984=CARTESIAN_POINT('',(0.,0.,0.192));
#2985=CARTESIAN_POINT('',(0.,0.,0.));
#2986=CARTESIAN_POINT('',(0.,-0.024,0.192));
#2987=CARTESIAN_POINT('',(0.,0.,0.192));
#2988=CARTESIAN_POINT('',(0.,-0.024,0.192));
#2989=CARTESIAN_POINT('',(0.,-0.024,0.));
#2990=CARTESIAN_POINT('',(0.,0.,0.));
#2991=CARTESIAN_POINT('',(0.,0.,0.141));
#2992=CARTESIAN_POINT('',(0.,-0.012,0.141));
#2993=CARTESIAN_POINT('',(0.,-0.012,0.141));
#2994=CARTESIAN_POINT('',(0.,-0.012,0.));
#2995=CARTESIAN_POINT('',(0.053,0.346,0.081));
#2996=CARTESIAN_POINT('',(0.095,-0.001,-0.153));
#2997=CARTESIAN_POINT('',(0.095,0.,-0.153));
#2998=CARTESIAN_POINT('',(0.095,0.,-0.153));
#2999=CARTESIAN_POINT('',(-0.095,0.,-0.153));
#3000=CARTESIAN_POINT('',(0.095,-0.001,-0.153));
#3001=CARTESIAN_POINT('',(0.095,-0.001,-0.153));
#3002=CARTESIAN_POINT('',(0.095,-0.001,-0.153));
#3003=CARTESIAN_POINT('',(-0.095,-0.001,-0.153));
#3004=CARTESIAN_POINT('',(-0.095,-0.001,-0.153));
#3005=CARTESIAN_POINT('',(-0.095,-0.001,-0.153));
#3006=CARTESIAN_POINT('',(-0.095,0.,-0.153));
#3007=CARTESIAN_POINT('',(-0.095,0.,0.153));
#3008=CARTESIAN_POINT('',(-0.095,-0.001,-0.153));
#3009=CARTESIAN_POINT('',(-0.095,-0.001,0.153));
#3010=CARTESIAN_POINT('',(-0.095,-0.001,0.153));
#3011=CARTESIAN_POINT('',(-0.095,-0.001,0.153));
#3012=CARTESIAN_POINT('',(-0.095,0.,0.153));
#3013=CARTESIAN_POINT('',(0.095,0.,0.153));
#3014=CARTESIAN_POINT('',(-0.095,-0.001,0.153));
#3015=CARTESIAN_POINT('',(0.095,-0.001,0.153));
#3016=CARTESIAN_POINT('',(0.095,-0.001,0.153));
#3017=CARTESIAN_POINT('',(0.095,-0.001,0.153));
#3018=CARTESIAN_POINT('',(0.095,0.,0.153));
#3019=CARTESIAN_POINT('',(0.095,-0.001,0.153));
#3020=CARTESIAN_POINT('',(0.,-0.001,0.));
#3021=CARTESIAN_POINT('',(-0.039,-0.001,0.1));
#3022=CARTESIAN_POINT('',(-0.039,-0.001,0.112));
#3023=CARTESIAN_POINT('',(-0.039,-0.001,-0.1));
#3024=CARTESIAN_POINT('',(-0.039,-0.001,-0.088));
#3025=CARTESIAN_POINT('',(0.,0.,0.));
#3026=CARTESIAN_POINT('',(-0.039,-0.001,-0.1));
#3027=CARTESIAN_POINT('',(-0.039,-0.156,-0.1));
#3028=CARTESIAN_POINT('',(-0.027,-0.156,-0.1));
#3029=CARTESIAN_POINT('',(-0.039,-0.156,-0.1));
#3030=CARTESIAN_POINT('',(-0.039,-0.001,0.1));
#3031=CARTESIAN_POINT('',(-0.039,-0.156,0.1));
#3032=CARTESIAN_POINT('',(-0.027,-0.156,0.1));
#3033=CARTESIAN_POINT('',(-0.039,-0.156,0.1));
#3034=CARTESIAN_POINT('',(0.1,0.034,0.177));
#3035=MECHANICAL_DESIGN_GEOMETRIC_PRESENTATION_REPRESENTATION('',(#1890,
#1891,#1892,#1893),#3036);
#3036=(
GEOMETRIC_REPRESENTATION_CONTEXT(3)
GLOBAL_UNCERTAINTY_ASSIGNED_CONTEXT((#3041))
GLOBAL_UNIT_ASSIGNED_CONTEXT((#3048,#3047,#3046))
REPRESENTATION_CONTEXT('AS11CP','TOP_LEVEL_ASSEMBLY_PART')
);
#3037=(
GEOMETRIC_REPRESENTATION_CONTEXT(3)
GLOBAL_UNCERTAINTY_ASSIGNED_CONTEXT((#3042))
GLOBAL_UNIT_ASSIGNED_CONTEXT((#3048,#3047,#3046))
REPRESENTATION_CONTEXT('AS11CPbody12','COMPONENT_PART')
);
#3038=(
GEOMETRIC_REPRESENTATION_CONTEXT(3)
GLOBAL_UNCERTAINTY_ASSIGNED_CONTEXT((#3043))
GLOBAL_UNIT_ASSIGNED_CONTEXT((#3048,#3047,#3046))
REPRESENTATION_CONTEXT('AS11CPbody1','COMPONENT_PART')
);
#3039=(
GEOMETRIC_REPRESENTATION_CONTEXT(3)
GLOBAL_UNCERTAINTY_ASSIGNED_CONTEXT((#3044))
GLOBAL_UNIT_ASSIGNED_CONTEXT((#3048,#3047,#3046))
REPRESENTATION_CONTEXT('AS11CPclong','COMPONENT_PART')
);
#3040=(
GEOMETRIC_REPRESENTATION_CONTEXT(3)
GLOBAL_UNCERTAINTY_ASSIGNED_CONTEXT((#3045))
GLOBAL_UNIT_ASSIGNED_CONTEXT((#3048,#3047,#3046))
REPRESENTATION_CONTEXT('AS11CPp','COMPONENT_PART')
);
#3041=UNCERTAINTY_MEASURE_WITH_UNIT(LENGTH_MEASURE(3.93700787401575E-7),
#3048,'DISTANCE_ACCURACY_VALUE','Maximum Tolerance applied to model');
#3042=UNCERTAINTY_MEASURE_WITH_UNIT(LENGTH_MEASURE(3.93700787401575E-7),
#3048,'DISTANCE_ACCURACY_VALUE','Maximum Tolerance applied to model');
#3043=UNCERTAINTY_MEASURE_WITH_UNIT(LENGTH_MEASURE(3.93700787401575E-7),
#3048,'DISTANCE_ACCURACY_VALUE','Maximum Tolerance applied to model');
#3044=UNCERTAINTY_MEASURE_WITH_UNIT(LENGTH_MEASURE(3.93700787401575E-7),
#3048,'DISTANCE_ACCURACY_VALUE','Maximum Tolerance applied to model');
#3045=UNCERTAINTY_MEASURE_WITH_UNIT(LENGTH_MEASURE(3.93700787401575E-7),
#3048,'DISTANCE_ACCURACY_VALUE','Maximum Tolerance applied to model');
#3046=(
NAMED_UNIT(*)
SI_UNIT($,.STERADIAN.)
SOLID_ANGLE_UNIT()
);
#3047=(
NAMED_UNIT(*)
PLANE_ANGLE_UNIT()
SI_UNIT($,.RADIAN.)
);
#3048=(
CONVERSION_BASED_UNIT('INCH',#3050)
LENGTH_UNIT()
NAMED_UNIT(#3049)
);
#3049=DIMENSIONAL_EXPONENTS(1.,0.,0.,0.,0.,0.,0.);
#3050=LENGTH_MEASURE_WITH_UNIT(LENGTH_MEASURE(25.4),#3051);
#3051=(
LENGTH_UNIT()
NAMED_UNIT(*)
SI_UNIT(.MILLI.,.METRE.)
);
#3052=PRODUCT_DEFINITION_SHAPE('','',#3061);
#3053=PRODUCT_DEFINITION_SHAPE('','',#3062);
#3054=PRODUCT_DEFINITION_SHAPE(' ','NAUO PRDDFN',#29);
#3055=PRODUCT_DEFINITION_SHAPE('','',#3063);
#3056=PRODUCT_DEFINITION_SHAPE(' ','NAUO PRDDFN',#30);
#3057=PRODUCT_DEFINITION_SHAPE('','',#3064);
#3058=PRODUCT_DEFINITION_SHAPE(' ','NAUO PRDDFN',#31);
#3059=PRODUCT_DEFINITION_SHAPE('','',#3065);
#3060=PRODUCT_DEFINITION_SHAPE(' ','NAUO PRDDFN',#32);
#3061=PRODUCT_DEFINITION('','',#3071,#3066);
#3062=PRODUCT_DEFINITION('','',#3072,#3067);
#3063=PRODUCT_DEFINITION('','',#3073,#3068);
#3064=PRODUCT_DEFINITION('','',#3074,#3069);
#3065=PRODUCT_DEFINITION('','',#3075,#3070);
#3066=PRODUCT_DEFINITION_CONTEXT('',#3097,'design');
#3067=PRODUCT_DEFINITION_CONTEXT('',#3097,'design');
#3068=PRODUCT_DEFINITION_CONTEXT('',#3097,'design');
#3069=PRODUCT_DEFINITION_CONTEXT('',#3097,'design');
#3070=PRODUCT_DEFINITION_CONTEXT('',#3097,'design');
#3071=PRODUCT_DEFINITION_FORMATION_WITH_SPECIFIED_SOURCE('','',#3081,
 .NOT_KNOWN.);
#3072=PRODUCT_DEFINITION_FORMATION_WITH_SPECIFIED_SOURCE('','',#3082,
 .NOT_KNOWN.);
#3073=PRODUCT_DEFINITION_FORMATION_WITH_SPECIFIED_SOURCE('','',#3083,
 .NOT_KNOWN.);
#3074=PRODUCT_DEFINITION_FORMATION_WITH_SPECIFIED_SOURCE('','',#3084,
 .NOT_KNOWN.);
#3075=PRODUCT_DEFINITION_FORMATION_WITH_SPECIFIED_SOURCE('','',#3085,
 .NOT_KNOWN.);
#3076=PRODUCT_RELATED_PRODUCT_CATEGORY('','',(#3081));
#3077=PRODUCT_RELATED_PRODUCT_CATEGORY('','',(#3082));
#3078=PRODUCT_RELATED_PRODUCT_CATEGORY('','',(#3083));
#3079=PRODUCT_RELATED_PRODUCT_CATEGORY('','',(#3084));
#3080=PRODUCT_RELATED_PRODUCT_CATEGORY('','',(#3085));
#3081=PRODUCT('AS11CP','AS11CP','AS11CP',(#3091));
#3082=PRODUCT('AS11CPbody12','AS11CPbody12','AS11CPbody12',(#3092));
#3083=PRODUCT('AS11CPbody1','AS11CPbody1','AS11CPbody1',(#3093));
#3084=PRODUCT('AS11CPclong','AS11CPclong','AS11CPclong',(#3094));
#3085=PRODUCT('AS11CPp','AS11CPp','AS11CPp',(#3095));
#3086=PRODUCT_CATEGORY('','');
#3087=PRODUCT_CATEGORY('','');
#3088=PRODUCT_CATEGORY('','');
#3089=PRODUCT_CATEGORY('','');
#3090=PRODUCT_CATEGORY('','');
#3091=PRODUCT_CONTEXT('',#3097,'mechanical');
#3092=PRODUCT_CONTEXT('',#3097,'mechanical');
#3093=PRODUCT_CONTEXT('',#3097,'mechanical');
#3094=PRODUCT_CONTEXT('',#3097,'mechanical');
#3095=PRODUCT_CONTEXT('',#3097,'mechanical');
#3096=APPLICATION_PROTOCOL_DEFINITION('international standard',
'automotive_design',2010,#3097);
#3097=APPLICATION_CONTEXT(
'core data for automotive mechanical design processes');
ENDSEC;
END-ISO-10303-21;
